date,troncon,sens,type_route,passage_num,distance,vitesse,technique,effort_gopro,orientation_gopro,heure_debut,heure_fin,temp_air,couv_nuage,vent,initiales,nom_fichier,commentaires
2025-06-09,T01_E,E,autoroute,1,1,1.3,pied,NA,NA,7:26,8:15,NA,NA,NA,EM_CM,NA,
2025-06-09,T01_E,E,autoroute,1,1,60,gopro,1,accotement,6:17,6:18,NA,NA,NA,EM_CM,GX010104_20250609_0617_T01_A30E,
2025-08-05,T01_O,O,autoroute,2,1,60,gopro,1,route,6:21,6:22,NA,NA,NA,EM_CM,GX010199_20250805_0621_T01_A30O,
2025-08-05,T01_O,NA,autoroute,1,0.5,7.2,drone,NA,NA,5:52,5:56,14,80,16,EM_CM,DJI_202508050548_052_T01,
2025-06-03,T02,S,secondaire_etroite,1,1,1.5,pied,NA,NA,6:00,6:40,10,0,NA,EM_CM,NA,
2025-06-03,T02,S,secondaire_etroite,1,1,60,gopro,1,accotement,6:55,6:56,NA,NA,NA,EM_CM,GX010095_20250603_0655_T02_R229S,
2025-07-22,T02,S,secondaire_etroite,2,1,2.4,pied,NA,NA,5:36,6:23,NA,NA,NA,EM_CM,NA,
2025-07-22,T02,NS,secondaire_etroite,2,1,50,gopro,2,route,NA,NA,14,0,NA,EM_CM,GX010169_20250722_0523_T02_R229N,Direction N de 5:23 à 5:24 et direction S de 5:28 à 5:29
2025-07-07,T03_E,NA,autoroute,1,0.5,7.2,drone,NA,NA,6:43,6:47,NA,NA,15,EM_CM,DJI_202507070630_025_T03,
2025-07-07,T03_E,E,autoroute,1,1,60,gopro,1,route,6:05,6:06,19,100,NA,EM_CM,GX010134_20250707_0605_T03_A40E,
2025-08-12,T03_E,E,autoroute,1,1,1.5,pied,NA,NA,6:41,7:24,NA,NA,NA,EM_CM,NA,
2025-08-12,T03_E,E,autoroute,2,1,60,gopro,1,route,7:36,7:37,NA,NA,NA,EM_CM,GX010213_20250812_0736_T03_A40E,
2025-07-07,T09_O,E,autoroute,1,1,0.8,pied,NA,NA,7:28,8:42,NA,NA,NA,EM_CM,NA,
2025-07-07,T09_O,O,autoroute,1,1,60,gopro,1,route,7:21,7:22,NA,NA,NA,EM_CM,GX010137_20250707_0721_T09_A20O,
2025-08-12,T09_O,E,autoroute,2,1,1,pied,NA,NA,5:10,6:13,22,0,NA,EM_CM,NA,
2025-08-12,T09_O,O,autoroute,2,1,60,gopro,1,route,6:23,6:24,NA,NA,NA,EM_CM,GX010212_20250812_0623_T09_A20O,
2025-07-21,T14_E,E,secondaire_separee,2,1,1.1,pied,NA,NA,7:17,8:08,NA,NA,NA,EM_CM,NA,
2025-07-21,T14_E,E,secondaire_separee,2,1,50,gopro,1,route,8:13,8:14,NA,NA,NA,EM_CM,GX010167_20250721_0813_T14_R112E,
2025-06-03,T14_O,O,secondaire_separee,1,1,60,gopro,1,accotement,7:49,7:50,NA,NA,NA,EM_CM,GX010099_20250603_0749_T14_R112O,
2025-06-03,T14_O,O,secondaire_separee,1,1,2.1,pied,NA,NA,8:32,9:00,NA,NA,NA,EM_CM,NA,
2025-07-08,T15_O,O,autoroute,1,1,0.7,pied,NA,NA,5:36,7:00,NA,NA,NA,EM_CM,NA,
2025-07-08,T15_O,O,autoroute,1,1,60,gopro,1,route,5:26,5:27,16,,NA,EM_CM,GX010138_20250708_0526_T15_A40O,
2025-08-12,T15_O,O,autoroute,2,1,1.3,pied,NA,NA,7:45,8:30,NA,NA,NA,EM_CM,NA,
2025-08-12,T15_O,O,autoroute,2,1,60,gopro,1,route,9:05,9:06,NA,NA,NA,EM_CM,GX010215_20250812_0905_T15_A40O,
2025-08-06,T20_E,E,autoroute,2,1,60,gopro,1,route,6:14,6:15,NA,NA,NA,EM_CM,GX010202_20250806_0614_T20_A40E,
2025-08-06,T20_E,NA,autoroute,2,0.5,7.2,drone,NA,NA,5:57,6:03,15,12,6,EM_CM,DJI_202508060548_056_T20v2,
2025-06-16,T20_O,NA,autoroute,1,0.5,7.2,drone,NA,NA,6:37,6:41,11,0,13,EM_CM,DJI_202506160649_006_T-20,
2025-06-16,T20_O,O,autoroute,1,1,60,gopro,1,accotement,6:08,6:09,NA,NA,NA,EM_CM,GX010114_20250616_0608_T20_A40O,
2025-07-14,T22_E,E,secondaire_separee,1,1,0.8,pied,NA,NA,7:58,9:13,NA,NA,NA,EM_CM,NA,
2025-07-14,T22_E,E,secondaire_separee,1,1,60,gopro,1,route,9:25,9:26,NA,NA,NA,EM_CM,GX010147_20250714_0925_T22_R158E,
2025-08-13,T22_E,E,secondaire_separee,2,1,0.8,pied,NA,NA,7:37,8:54,NA,NA,NA,EM_CM,NA,
2025-08-13,T22_E,E,secondaire_separee,2,1,60,gopro,1,route,7:27,7:28,NA,NA,NA,EM_CM,GX010220_20250813_0727_T22_R158E,
2025-06-02,T25_E,E,autoroute,1,1,60,gopro,1,accotement,6:05,6:06,NA,NA,NA,EM_CM,GX010091_20250602_0605_T25_A30E,
2025-06-02,T25_E,E,autoroute,1,1,1.3,pied,NA,NA,7:53,8:40,NA,NA,NA,EM_CM,NA,
2025-07-22,T25_E,NA,autoroute,1,0.5,7.2,drone,NA,NA,7:02,7:09,NA,NA,NA,EM_CM,DJI_202507220648_033_T25vrai,
2025-07-22,T25_E,E,autoroute,2,1,60,gopro,1,route,6:33,6:34,NA,NA,NA,EM_CM,GX010173_20250722_0633_T25_A30E,
2025-06-02,T26_O,O,autoroute,1,1,60,gopro,1,accotement,5:48,5:49,NA,NA,NA,EM_CM,GX010089_20250602_0548_T26_A20O,
2025-06-02,T26_O,O,autoroute,1,1,2,pied,NA,NA,6:30,7:00,NA,NA,NA,EM_CM,NA,
2025-07-17,T26_O,O,autoroute,2,1,1.1,pied,NA,NA,6:30,7:20,24,80,NA,EM_CM,NA,
2025-07-17,T26_O,O,autoroute,2,1,60,gopro,1,route,8:10,8:11,NA,NA,NA,EM_CM,GX010157_20250717_0810_T26_A20O,
2025-06-09,T28,S,secondaire_etroite,1,1,60,gopro,1,accotement,6:08,6:09,NA,NA,NA,EM_CM,GX010102_20250609_0608_T28_R205S,
2025-06-09,T28,S,secondaire_etroite,1,1,1.3,pied,NA,NA,6:35,7:18,NA,NA,NA,EM_CM,NA,
2025-08-05,T28,N,secondaire_etroite,2,1,60,gopro,1,route,7:05,7:06,NA,NA,NA,EM_CM,GX010201_20250805_0705_T28_R205N,
2025-08-05,T28,NA,secondaire_etroite,1,0.5,7.2,drone,NA,NA,6:40,6:48,14,35,17,EM_CM,DJI_202508050634_053_T28,
2025-07-08,T30_S,NA,autoroute,1,0.5,7.2,drone,NA,NA,7:44,7:49,17,,4,EM_CM,NA,
2025-07-08,T30_S,S,autoroute,1,1,60,gopro,1,route,7:13,7:14,NA,NA,NA,EM_CM,GX010140_20250708_0713_T30_A30E,
2025-08-11,T30_S,S,autoroute,1,1,0.9,pied,NA,NA,7:59,9:07,NA,NA,NA,EM_CM,NA,
2025-08-11,T30_S,S,autoroute,2,1,75,gopro,1,route,9:26,9:27,NA,NA,NA,EM_CM,GX010210_20250811_0926_T30_A30E,
2025-07-08,T31_E,NA,autoroute,1,0.5,7.2,drone,NA,NA,8:42,8:46,19,50,2,EM_CM,DJI_202507080829_027_T31,
2025-07-08,T31_E,E,autoroute,1,1,60,gopro,1,route,8:11,8:12,NA,NA,NA,EM_CM,GX010143_20250708_0811_T31_A20E,
2025-08-11,T31_E,E,autoroute,1,1,1,pied,NA,NA,6:35,7:37,22,0,NA,EM_CM,NA,
2025-08-11,T31_E,E,autoroute,2,1,70,gopro,1,route,7:50,7:51,NA,NA,NA,EM_CM,GX010208_20250811_0750_T31_A20E,
2025-06-25,T35,NA,secondaire_etroite,1,0.5,7.2,drone,NA,NA,7:33,8:00,23,75,6,EM_CM,DJI_202506250736_022_T35,
2025-06-25,T35,O,secondaire_etroite,1,1,60,gopro,1,route,7:24,7:25,NA,NA,NA,EM_CM,GX010122_20250625_0724T35_R344O,
2025-07-30,T35,O,secondaire_etroite,1,1,1,pied,NA,NA,6:58,8:50,NA,NA,NA,EM_CM,NA,
2025-07-30,T35,OE,secondaire_etroite,2,1,60,gopro,2,route,NA,NA,NA,NA,NA,EM_CM,GX010188_20250730_0655_T35_R344O,Direction O de 6:51 à 6:52 et direction E de 6:55 à 6:56
2025-06-25,T36,NA,secondaire_etroite,1,0.5,7.2,drone,NA,NA,6:30,6:59,NA,NA,4,EM_CM,DJI_202506250651_021_T36vrai,
2025-06-25,T36,O,secondaire_etroite,1,1,60,gopro,1,route,6:21,6:22,NA,NA,NA,EM_CM,GX010120_20250625_0621_T36_R344O,
2025-07-30,T36,O,secondaire_etroite,1,1,1,pied,NA,NA,5:28,6:30,NA,NA,NA,EM_CM,NA,
2025-07-30,T36,OE,secondaire_etroite,2,1,60,gopro,2,route,NA,NA,21,20,NA,EM_CM,GX010185_20250730_0522_T36_R344O,DirectionO de 5:22 à 5:23 et direction E de 5:25 à 5:26
2025-06-03,T39_O,NA,secondaire_separee,1,0.5,7.2,drone,NA,NA,8:07,8:11,NA,NA,NA,EM_CM,DJI_202506030802_004_T39,
2025-06-03,T39_O,O,secondaire_separee,1,1,60,gopro,1,accotement,7:44,7:45,NA,NA,NA,EM_CM,GX010098_20250603_0744_T39_R112O,
2025-07-21,T39_O,O,secondaire_separee,2,1,60,gopro,1,route,7:06,7:07,NA,NA,NA,EM_CM,GX010166_20250721_0706_T39_R112O,
2025-07-21,T39_O,E,secondaire_separee,1,1,1.1,pied,NA,NA,6:04,6:59,16,0,NA,EM_CM,NA,
2025-07-15,T40_E,NA,autoroute,1,0.5,7.2,drone,NA,NA,7:22,7:26,NA,NA,NA,EM_CM,DJI_202507150719_032_T40,
2025-07-15,T40_E,E,autoroute,1,1,60,gopro,1,route,5:32,5:33,NA,NA,NA,EM_CM,GX010152_20250715_0532_T40_A30E,
2025-07-28,T40_E,NA,autoroute,2,0.5,7.2,drone,NA,NA,7:21,7:25,NA,NA,NA,EM_CM,DJI_202507280717_036_T40,
2025-07-28,T40_E,E,autoroute,2,1,60,gopro,1,route,6:27,6:28,NA,NA,NA,EM_CM,GX010177_20250728_0627_T40_A30E,
2025-07-02,T41_O,O,autoroute,1,1,60,gopro,1,route,7:14,7:15,NA,NA,NA,EM_CM,GX010131_20250702_0714_T41_A10O,
2025-07-02,T41_O,NA,autoroute,1,0.5,7.2,drone,NA,NA,7:34,7:45,NA,NA,22,EM_CM,DJI_202507020729_024_Mortalite-A10-SE-1,
2025-07-18,T41_O,O,autoroute,2,1,60,gopro,1,route,5:35,5:36,NA,NA,NA,EM_CM,GX010164_20250718_0535_T41_A10O,
2025-07-18,T41_O,O,autoroute,1,0.9,0.7,pied,NA,NA,5:46,7:10,NA,NA,NA,EM_CM,NA,
2025-07-02,T42_O,O,autoroute,1,1,60,gopro,1,route,7:12,7:13,NA,NA,NA,EM_CM,GX010130_20250702_0712_T42_A10O,
2025-07-02,T42_O,NA,autoroute,1,0.5,7.2,drone,NA,NA,6:24,6:28,20,2,18,EM_CM,DJI_202507020633_023_Mortalite-A10-NE-3,
2025-07-18,T42_O,O,autoroute,2,1,60,gopro,1,route,5:33,5:34,NA,NA,NA,EM_CM,GX010163_20250718_0533_T42_A10O,
2025-07-18,T42_O,O,autoroute,1,1,0.7,pied,NA,NA,7:28,9:00,NA,NA,NA,EM_CM,NA,
2025-07-14,T45_N,N,autoroute,1,1,60,gopro,1,route,10:41,10:42,NA,NA,NA,EM_CM,GX010149_20250714_1041_T45_A15N,
2025-07-14,T45_N,N,autoroute,1,0.9,0.7,pied,NA,NA,9:35,10:28,NA,NA,NA,EM_CM,NA,
2025-08-13,T45_N,N,autoroute,2,0.9,1.1,pied,NA,NA,9:16,10:12,NA,NA,NA,EM_CM,NA,
2025-08-13,T45_N,N,autoroute,2,1,75,gopro,1,route,9:05,9:06,NA,NA,NA,EM_CM,GX010222_20250813_0905_T45_A15N,
2025-07-15,T47_E,NA,autoroute,1,0.5,7.2,drone,NA,NA,6:38,6:42,NA,NA,NA,EM_CM,DJI_202507150636_029_T47 et DJI_202507150636_030,
2025-07-15,T47_E,E,autoroute,1,1,60,gopro,1,route,5:34,5:35,NA,NA,NA,EM_CM,GX010153_20250715_0534_T47_A30E,
2025-07-28,T47_E,NA,autoroute,2,0.5,7.2,drone,NA,NA,6:52,6:56,NA,NA,NA,EM_CM,DJI_202507280647_034_T47 et DJI_202507280647_035,
2025-07-28,T47_E,E,autoroute,2,1,60,gopro,1,route,6:28,6:29,NA,NA,NA,EM_CM,GX010178_20250728_0628_T47_A30E,
2025-06-02,T48_E,E,autoroute,1,1,60,gopro,1,accotement,5:57,5:58,NA,NA,NA,EM_CM,GX010090_20250602_0557_T48_A30E,
2025-06-02,T48_E,E,autoroute,1,1,2,pied,NA,NA,7:10,7:44,NA,NA,NA,EM_CM,NA,
2025-07-17,T48_E,E,autoroute,2,1,60,gopro,1,route,8:16,8:17,NA,NA,NA,EM_CM,GX010158_20250717_0816_T48_A30E,
2025-07-17,T48_E,E,autoroute,2,1,1,pied,NA,NA,8:35,9:30,NA,NA,NA,EM_CM,NA,
2025-07-15,T49,NA,secondaire_etroite,1,0.4,7.2,drone,NA,NA,6:01,6:05,20,0,15,EM_CM,DJI_202507150550_028_T49,
2025-07-15,T49,O,secondaire_etroite,1,1,60,gopro,1,route,5:39,5:40,NA,NA,NA,EM_CM,GX010155_20250715_0539_T49_R104O,
2025-07-28,T49,E,secondaire_etroite,2,1,60,gopro,1,route,6:33,6:34,NA,NA,NA,EM_CM,GX010180_20250728_0633_T49_R104E,
2025-07-28,T49,E,secondaire_etroite,1,1,0.8,pied,NA,NA,7:47,9:00,NA,NA,NA,EM_CM,NA,
2025-06-10,T52_O,O,autoroute,1,1,60,gopro,1,accotement,7:39,7:40,NA,NA,NA,EM_CM,GX010111_20250610_0739_T52_A30O,
2025-06-10,T52_O,E,autoroute,1,1,1.3,pied,NA,NA,6:20,7:00,NA,NA,NA,EM_CM,NA,
2025-08-04,T52_O,O,autoroute,2,1,60,gopro,1,route,9:23,9:24,NA,NA,NA,EM_CM,GX010196_20250804_0923_T52_A730O,
2025-08-04,T52_O,E,autoroute,2,1,1.9,pied,NA,NA,7:35,9:06,NA,NA,NA,EM_CM,NA,
2025-06-10,T53_O,O,autoroute,1,1,60,gopro,1,accotement,7:26,7:27,NA,NA,NA,EM_CM,GX010108_20250610_0726_T53_A30O,
2025-06-10,T53_O,E,autoroute,1,1,1.3,pied,NA,NA,5:20,6:06,16,100,NA,EM_CM,NA,
2025-08-04,T53_O,O,autoroute,2,1,60,gopro,1,route,7:20,7:21,NA,NA,NA,EM_CM,GX010194_20250804_0720_T53_A30O,
2025-08-04,T53_O,NA,autoroute,1,0.5,7.2,drone,NA,NA,6:54,7:00,,95,6,EM_CM,DJI_202508040656_050_T53,
2025-06-16,T57_E,NA,autoroute,1,0.5,7.2,drone,NA,NA,8:50,8:54,NA,NA,NA,EM_CM,,
2025-06-16,T57_E,E,autoroute,1,1,60,gopro,1,accotement,7:58,7:59,NA,NA,NA,EM_CM,GX010116_20250616_0758_T57_A640E,
2025-08-06,T57_E,E,autoroute,2,1,60,gopro,1,route,7:15,7:16,NA,NA,NA,EM_CM,GX010206_20250806_0715_T57_A640E,
2025-08-06,T57_E,NA,autoroute,2,0.5,7.2,drone,NA,NA,6:46,6:51,14,0,3,EM_CM,DJI_202508060632_058_T57vrai,
2025-07-14,T59,OE,secondaire_etroite,1,1,60,gopro,2,route,NA,NA,NA,NA,NA,EM_CM,GX010144_20250714_0750_T59_R158O,Direction O de 7:50 à 7:51 et direction E de 7:54 à 7:55
2025-07-14,T59,O,secondaire_etroite,1,1,1,pied,NA,NA,6:00,7:45,34,70,NA,EM_CM,NA,
2025-08-13,T59,O,secondaire_etroite,2,1,1.4,pied,NA,NA,5:48,7:20,NA,NA,NA,EM_CM,NA,
2025-08-13,T59,OE,secondaire_etroite,2,1,60,gopro,2,route,NA,NA,24,75,NA,EM_CM,GX010218_20250813_0542_T59_R158O,Direction O de 5:42 à 5:43 et direction E de 5:46 à 5:47
2025-07-01,T61_N,N,autoroute,1,1,60,gopro,1,route,7:58,7:59,NA,NA,NA,EM_CM,GX010125_20250701_0759_T61_A15N,
2025-07-01,T61_N,N,autoroute,1,1,1.3,pied,NA,NA,8:20,9:07,NA,NA,NA,EM_CM,NA,
2025-07-29,T61_N,N,autoroute,2,1,60,gopro,1,route,7:20,7:21,NA,NA,NA,EM_CM,GX010183_20250729_0720_T61_A15N,
2025-07-29,T61_N,N,autoroute,2,0.5,7.2,drone,NA,NA,6:54,6:58,22,0,8,EM_CM,DJI_202507290652_038_T61,
2025-06-09,T62_O,O,autoroute,1,1,60,gopro,1,accotement,6:25,6:26,NA,NA,NA,EM_CM,GX010106_20250609_0625_T62_A30O,
2025-06-09,T62_O,E,autoroute,1,1,3,pied,NA,NA,8:22,8:45,NA,NA,NA,EM_CM,NA,
2025-08-04,T62_O,O,autoroute,2,1,60,gopro,1,route,6:28,6:29,NA,NA,NA,EM_CM,GX010192_20250804_0628_T62_A30O,
2025-08-04,T62_O,NA,autoroute,1,0.5,7.2,drone,NA,NA,6:03,6:09,19,12,9,EM_CM,DJI_202508040554_049_T62,
2025-07-01,T65_N,N,autoroute,1,1,60,gopro,1,route,6:15,6:16,NA,NA,NA,EM_CM,GX010123_20250701_0615_T65_A15N,
2025-07-01,T65_N,N,autoroute,1,1,0.8,pied,NA,NA,6:37,7:50,NA,NA,NA,EM_CM,NA,
2025-07-29,T65_N,N,autoroute,2,1,60,gopro,1,route,6:22,6:23,NA,NA,NA,EM_CM,GX010182_20250729_0622_T65_A15N,
2025-07-29,T65_N,NA,autoroute,1,0.5,7.2,drone,NA,NA,5:53,5:57,23,0,10,EM_CM,DJI_202507290541_037_T65,
