"tr","rang_id","class","order","family","genus","species","condition","loc","size","date","hour","method","tr_id"
"T01_E","classe","Mammifères","carnivora","procyonidae","procyon",NA,"morceaux",NA,"moyen",2025-06-09,"07:55:19","P","20250609_T01_E_P"
"T02","classe","Mammifères",NA,NA,NA,NA,NA,"accotement_gauche","petit",2025-07-22,"05:40:52","P","20250722_T02_P"
"T02","classe","Oiseaux",NA,NA,NA,NA,NA,"gazon","petit",2025-06-03,"06:31:02","P","20250603_T02_P"
"T02","classe","Oiseaux",NA,NA,NA,NA,"ecrase","accotement","petit",2025-07-22,"05:46:16","P","20250722_T02_P"
"T02","ordre","Amphibiens","anura",NA,NA,NA,"ecrase","accotement","petit",2025-07-22,"05:55:26","P","20250722_T02_P"
"T03_E","classe","Oiseaux",NA,NA,NA,NA,NA,"accotement","petit",2025-08-12,"06:54:11","P","20250812_T03_E_P"
"T09_O","espece","Mammifères","carnivora","procyonidae","procyon",NA,NA,NA,"moyen",2025-07-07,"07:59:55","P","20250707_T09_O_P"
"T09_O","classe","Mammifères",NA,NA,NA,NA,"morceaux","accotement","moyen",2025-07-07,"07:42:45","P","20250707_T09_O_P"
"T09_O","classe","Oiseaux",NA,NA,NA,NA,NA,"gazon","moyen",2025-08-12,"05:32:27","P","20250812_T09_O_P"
"T09_O","espece","Mammifères","carnivora","procyonidae","procyon",NA,"decompose",NA,"moyen",2025-08-12,"06:13:00","P","20250812_T09_O_P"
"T14_E","espece","Mammifères","rodentia","cricetidae","ondatra",NA,NA,"accotement","petit",2025-07-21,"07:23:45","P","20250721_T14_E_P"
"T14_E","classe","Mammifères",NA,NA,NA,NA,"seche","accotement","petit",2025-07-21,"07:44:39","P","20250721_T14_E_P"
"T14_E","classe","Mammifères",NA,NA,NA,NA,"ecrase","accotement","moyen",2025-07-21,"07:47:12","P","20250721_T14_E_P"
"T15_O","ordre","Amphibiens","anura",NA,NA,NA,NA,"accotement","petit",2025-07-08,"05:52:36","P","20250708_T15_O_P"
"T15_O","classe","Mammifères",NA,NA,NA,NA,"ecrase","accotement","moyen",2025-07-08,"06:35:27","P","20250708_T15_O_P"
"T15_O","classe","Mammifères",NA,NA,NA,NA,"morceaux",NA,"petit",2025-08-12,"07:50:00","P","20250812_T15_O_P"
"T15_O","classe","Mammifères",NA,NA,NA,NA,NA,"droite","petit",2025-08-12,"08:05:07","P","20250812_T15_O_P"
"T15_O","espece","Reptiles","squamata","natricidae","storeria",NA,NA,"gazon","petit",2025-08-12,"07:55:20","P","20250812_T15_O_P"
"T15_O","espece","Reptiles","squamata","natricidae","storeria",NA,NA,"gazon","petit",2025-08-12,"08:21:18","P","20250812_T15_O_P"
"T15_O","espece","Reptiles","squamata","natricidae","storeria",NA,"morceaux","gazon","petit",2025-08-12,"08:21:18","P","20250812_T15_O_P"
"T15_O","classe","Oiseaux",NA,NA,NA,NA,NA,"gazon","petit",2025-08-12,"08:27:52","P","20250812_T15_O_P"
"T22_E","embranchement","Indéterminés",NA,NA,NA,NA,NA,"milieu","moyen",2025-07-14,"08:34:44","P","20250714_T22_E_P"
"T22_E","espece","Mammifères","carnivora","procyonidae","procyon",NA,"decompose",NA,"moyen",2025-07-14,"08:37:41","P","20250714_T22_E_P"
"T22_E","classe","Oiseaux",NA,NA,NA,NA,NA,NA,"petit",2025-07-14,"08:41:00","P","20250714_T22_E_P"
"T22_E","classe","Oiseaux",NA,NA,NA,NA,NA,NA,"petit",2025-07-14,"08:41:53","P","20250714_T22_E_P"
"T22_E","classe","Oiseaux",NA,NA,NA,NA,NA,NA,"petit",2025-07-14,"08:54:48","P","20250714_T22_E_P"
"T22_E","classe","Mammifères",NA,NA,NA,NA,"morceaux",NA,"petit",2025-07-14,"08:57:27","P","20250714_T22_E_P"
"T22_E","ordre","Amphibiens","anura",NA,NA,NA,"ecrase","accotement","petit",2025-08-13,"07:45:51","P","20250813_T22_E_P"
"T22_E","espece","Reptiles","squamata","natricidae","thamnophis",NA,"ecrase","accotement","petit",2025-08-13,"07:50:23","P","20250813_T22_E_P"
"T22_E","classe","Oiseaux",NA,NA,NA,NA,"morceaux","accotement","petit",2025-08-13,"08:03:37","P","20250813_T22_E_P"
"T22_E","classe","Oiseaux",NA,NA,NA,NA,"morceaux","accotement","petit",2025-08-13,"08:06:37","P","20250813_T22_E_P"
"T22_E","espece","Mammifères","carnivora","procyonidae","procyon",NA,"ecrase",NA,"moyen",2025-08-13,"08:09:55","P","20250813_T22_E_P"
"T22_E","classe","Oiseaux",NA,NA,NA,NA,"morceaux","accotement","petit",2025-08-13,"08:14:29","P","20250813_T22_E_P"
"T22_E","classe","Oiseaux",NA,NA,NA,NA,NA,"accotement","petit",2025-08-13,"08:15:34","P","20250813_T22_E_P"
"T22_E","ordre","Amphibiens","anura",NA,NA,NA,"ecrase","accotement","petit",2025-08-13,"08:22:17","P","20250813_T22_E_P"
"T22_E","embranchement","Indéterminés",NA,NA,NA,NA,"morceaux",NA,"petit",2025-08-13,"08:26:28","P","20250813_T22_E_P"
"T22_E","espece","Mammifères","rodentia","sciuridae","sciurus",NA,NA,"droite","moyen",2025-08-13,"08:31:49","P","20250813_T22_E_P"
"T22_E","classe","Oiseaux",NA,NA,NA,NA,NA,"accotement","petit",2025-08-13,"08:33:06","P","20250813_T22_E_P"
"T22_E","classe","Oiseaux",NA,NA,NA,NA,NA,"accotement","petit",2025-08-13,"08:34:30","P","20250813_T22_E_P"
"T22_E","classe","Mammifères",NA,NA,NA,NA,"morceaux","gazon","petit",2025-08-13,"08:41:55","P","20250813_T22_E_P"
"T26_O","classe","Mammifères",NA,NA,NA,NA,NA,NA,"petit",2025-07-17,"07:20:00","P","20250717_T26_O_P"
"T28","espece","Mammifères","carnivora","felidae","felis",NA,NA,NA,"moyen",2025-06-09,"06:46:27","P","20250609_T28_P"
"T28","classe","Oiseaux",NA,NA,NA,NA,NA,NA,"petit",2025-06-09,"06:50:13","P","20250609_T28_P"
"T30_N","classe","Oiseaux",NA,NA,NA,NA,NA,"gauche","moyen",2025-08-11,"08:48:10","P","20250811_T30_N_P"
"T30_S","classe","Oiseaux",NA,NA,NA,NA,NA,"accotement","petit",2025-08-11,"08:42:12","P","20250811_T30_S_P"
"T31_E","classe","Oiseaux",NA,NA,NA,NA,NA,"accotement","moyen",2025-08-11,"06:42:43","P","20250811_T31_E_P"
"T31_E","classe","Oiseaux",NA,NA,NA,NA,NA,"accotement","moyen",2025-08-11,"06:43:43","P","20250811_T31_E_P"
"T31_E","classe","Oiseaux",NA,NA,NA,NA,NA,NA,"petit",2025-08-11,"06:45:52","P","20250811_T31_E_P"
"T31_E","classe","Oiseaux",NA,NA,NA,NA,NA,"accotement","petit",2025-08-11,"06:53:16","P","20250811_T31_E_P"
"T31_E","classe","Oiseaux",NA,NA,NA,NA,NA,"gauche","petit",2025-08-11,"07:15:26","P","20250811_T31_E_P"
"T31_E","classe","Mammifères",NA,NA,NA,NA,NA,"gauche","moyen",2025-08-11,"07:24:38","P","20250811_T31_E_P"
"T35","ordre","Amphibiens","anura",NA,NA,NA,NA,"milieu","petit",2025-07-30,"07:39:56","P","20250730_T35_P"
"T35","ordre","Amphibiens","anura",NA,NA,NA,NA,"accotement_gauche","petit",2025-07-30,"07:41:41","P","20250730_T35_P"
"T35","espece","Amphibiens","anura","ranidae","lithobates",NA,NA,"accotement_gauche","petit",2025-07-30,"07:42:45","P","20250730_T35_P"
"T35","ordre","Amphibiens","anura",NA,NA,NA,"ecrase","accotement_gauche","petit",2025-07-30,"07:44:09","P","20250730_T35_P"
"T35","espece","Oiseaux","passeriformes","cardinalidae","cardinalis",NA,"ecrase","accotement_gauche","petit",2025-07-30,"07:45:35","P","20250730_T35_P"
"T35","ordre","Amphibiens","anura",NA,NA,NA,"ecrase","accotement_gauche","petit",2025-07-30,"07:47:36","P","20250730_T35_P"
"T35","embranchement","Indéterminés",NA,NA,NA,NA,NA,"accotement_gauche","petit",2025-07-30,"07:56:29","P","20250730_T35_P"
"T35","espece","Mammifères","rodentia","sciuridae","sciurus",NA,"morceaux","accotement_gauche","moyen",2025-07-30,"07:59:06","P","20250730_T35_P"
"T35","espece","Mammifères","rodentia","sciuridae","sciurus",NA,NA,"accotement_gauche","moyen",2025-07-30,"08:01:07","P","20250730_T35_P"
"T35","espece","Reptiles","squamata","natricidae","storeria",NA,NA,"accotement_gauche","petit",2025-07-30,"08:04:23","P","20250730_T35_P"
"T35","espece","Reptiles","squamata","natricidae","storeria",NA,"seche","accotement_gauche","petit",2025-07-30,"08:06:57","P","20250730_T35_P"
"T35","espece","Amphibiens","anura","ranidae","lithobates",NA,NA,"accotement_gauche","petit",2025-07-30,"08:09:41","P","20250730_T35_P"
"T35","ordre","Amphibiens","anura",NA,NA,NA,"ecrase","accotement_gauche","petit",2025-07-30,"08:12:09","P","20250730_T35_P"
"T35","ordre","Amphibiens","anura",NA,NA,NA,"ecrase","accotement_gauche","petit",2025-07-30,"08:13:39","P","20250730_T35_P"
"T35","ordre","Amphibiens","anura",NA,NA,NA,"ecrase","accotement_gauche","petit",2025-07-30,"08:15:28","P","20250730_T35_P"
"T35","ordre","Amphibiens","anura",NA,NA,NA,"ecrase","gauche","petit",2025-07-30,"08:17:36","P","20250730_T35_P"
"T35","ordre","Amphibiens","anura",NA,NA,NA,"ecrase","accotement_gauche","petit",2025-07-30,"08:19:08","P","20250730_T35_P"
"T35","famille","Reptiles","squamata","natricidae","",NA,"seche","gravier_gauche","petit",2025-07-30,"08:23:54","P","20250730_T35_P"
"T35","ordre","Mammifères","rodentia",NA,NA,NA,NA,"droite","petit",2025-07-30,"07:02:33","P","20250730_T35_P"
"T35","classe","Oiseaux",NA,NA,NA,NA,NA,NA,"petit",2025-07-30,"07:05:25","P","20250730_T35_P"
"T35","ordre","Amphibiens","anura",NA,NA,NA,"ecrase","droite","petit",2025-07-30,"07:08:43","P","20250730_T35_P"
"T35","ordre","Amphibiens","anura",NA,NA,NA,"ecrase","droite","petit",2025-07-30,"07:10:26","P","20250730_T35_P"
"T35","ordre","Amphibiens","anura",NA,NA,NA,"ecrase","accotement","petit",2025-07-30,"07:12:08","P","20250730_T35_P"
"T35","ordre","Amphibiens","anura",NA,NA,NA,"ecrase","accotement","petit",2025-07-30,"07:16:22","P","20250730_T35_P"
"T35","espece","Mammifères","carnivora","procyonidae","procyon",NA,"morceaux",NA,"moyen",2025-07-30,"07:18:34","P","20250730_T35_P"
"T35","classe","Amphibiens","anura",NA,NA,NA,NA,"accotement","petit",2025-07-30,"07:23:34","P","20250730_T35_P"
"T35","espece","Amphibiens","anura","ranidae","lithobates",NA,NA,"accotement","petit",2025-07-30,"07:25:37","P","20250730_T35_P"
"T35","espece","Amphibiens","anura","ranidae","lithobates",NA,NA,"accotement","petit",2025-07-30,"07:27:58","P","20250730_T35_P"
"T35","ordre","Amphibiens","anura",NA,NA,NA,"ecrase","accotement","petit",2025-07-30,"07:30:12","P","20250730_T35_P"
"T35","classe","Mammifères",NA,NA,NA,NA,NA,"gazon","petit",2025-07-30,"07:31:08","P","20250730_T35_P"
"T35","espece","Amphibiens","anura","ranidae","lithobates",NA,NA,"accotement","petit",2025-07-30,"07:32:25","P","20250730_T35_P"
"T35","classe","Oiseaux",NA,NA,NA,NA,NA,"gravier","petit",2025-07-30,"08:28:01","P","20250730_T35_P"
"T35","embranchement","Indéterminés",NA,NA,NA,NA,NA,"droite","petit",2025-07-30,"08:34:53","P","20250730_T35_P"
"T35","ordre","Amphibiens","anura",NA,NA,NA,"ecrase","droite","petit",2025-07-30,"08:34:02","P","20250730_T35_P"
"T35","ordre","Amphibiens","anura",NA,NA,NA,"ecrase","accotement","petit",2025-07-30,"08:35:54","P","20250730_T35_P"
"T35","ordre","Amphibiens","anura",NA,NA,NA,"ecrase","accotement","petit",2025-07-30,"08:36:29","P","20250730_T35_P"
"T35","ordre","Amphibiens","anura",NA,NA,NA,"ecrase","accotement","petit",2025-07-30,"08:37:15","P","20250730_T35_P"
"T35","ordre","Amphibiens","anura",NA,NA,NA,"ecrase","accotement","petit",2025-07-30,"08:38:52","P","20250730_T35_P"
"T35","ordre","Amphibiens","anura",NA,NA,NA,"ecrase","accotement","petit",2025-07-30,"08:39:42","P","20250730_T35_P"
"T35","espece","Amphibiens","anura","ranidae","lithobates",NA,NA,"accotement","petit",2025-07-30,"08:42:28","P","20250730_T35_P"
"T35","ordre","Amphibiens","anura",NA,NA,NA,"ecrase","droite","petit",2025-07-30,"08:45:53","P","20250730_T35_P"
"T36","espece","Mammifères","rodentia","sciuridae","sciurus",NA,NA,"droite","moyen",2025-07-30,"05:50:13","P","20250730_T36_P"
"T36","ordre","Amphibiens","anura",NA,NA,NA,"ecrase","gauche","petit",2025-07-30,"05:56:00","P","20250730_T36_P"
"T36","embranchement","Indéterminés",NA,NA,NA,NA,NA,NA,"petit",2025-07-30,"06:05:48","P","20250730_T36_P"
"T36","espece","Amphibiens","anura","ranidae","lithobates",NA,NA,"gauche","petit",2025-07-30,"05:40:54","P","20250730_T36_P"
"T36","ordre","Amphibiens","anura",NA,NA,NA,"ecrase","gravier","petit",2025-07-30,"06:03:45","P","20250730_T36_P"
"T36","ordre","Reptiles","testudines",NA,NA,NA,"morceaux","accotement","petit",2025-07-30,"06:15:57","P","20250730_T36_P"
"T39_O","espece","Reptiles","squamata","natricidae","thamnophis",NA,"ecrase","accotement","petit",2025-07-21,"06:21:58","P","20250721_T39_O_P"
"T41_O","classe","Mammifères",NA,NA,NA,NA,"ecrase","accotement","petit",2025-07-18,"06:06:26","P","20250718_T41_O_P"
"T42_O","espece","Mammifères","carnivora","procyonidae","procyon",NA,"decompose","droite","moyen",2025-07-18,"07:45:12","P","20250718_T42_O_P"
"T42_O","espece","Reptiles","testudines","emydidae","chrysemys",NA,"morceaux","accotement","petit",2025-07-18,"07:38:40","P","20250718_T42_O_P"
"T42_O","classe","Mammifères",NA,NA,NA,NA,"morceaux","accotement",NA,2025-07-18,"07:52:21","P","20250718_T42_O_P"
"T42_O","ordre","Reptiles","testudines",NA,NA,NA,NA,"accotement","petit",2025-07-18,"07:56:44","P","20250718_T42_O_P"
"T42_O","classe","Mammifères",NA,NA,NA,NA,"morceaux",NA,"petit",2025-07-18,"07:58:05","P","20250718_T42_O_P"
"T42_O","ordre","Amphibiens","anura",NA,NA,NA,NA,NA,"petit",2025-07-18,"08:23:34","P","20250718_T42_O_P"
"T42_O","classe","Mammifères",NA,NA,NA,NA,"morceaux","accotement","petit",2025-07-18,"08:37:30","P","20250718_T42_O_P"
"T45_N","classe","Mammifères",NA,NA,NA,NA,NA,NA,"moyen",2025-07-14,"09:46:58","P","20250714_T45_N_P"
"T45_N","classe","Oiseaux",NA,NA,NA,NA,"ecrase",NA,NA,2025-07-14,"09:50:37","P","20250714_T45_N_P"
"T45_N","ordre","Amphibiens","anura",NA,NA,NA,NA,NA,"petit",2025-07-14,"10:01:21","P","20250714_T45_N_P"
"T45_N","ordre","Amphibiens","anura",NA,NA,NA,NA,NA,"petit",2025-07-14,"10:03:20","P","20250714_T45_N_P"
"T45_N","ordre","Amphibiens","anura",NA,NA,NA,NA,NA,"petit",2025-07-14,"10:04:51","P","20250714_T45_N_P"
"T45_N","classe","Mammifères",NA,NA,NA,NA,"ecrase",NA,"moyen",2025-07-14,"10:10:17","P","20250714_T45_N_P"
"T45_N","classe","Mammifères",NA,NA,NA,NA,NA,NA,"moyen",2025-08-13,"09:39:11","P","20250813_T45_N_P"
"T45_N","classe","Amphibiens","anura",NA,NA,NA,NA,NA,"petit",2025-08-13,"09:56:29","P","20250813_T45_N_P"
"T45_N","classe","Indéterminés",NA,NA,NA,NA,NA,NA,"petit",2025-08-13,"09:57:42","P","20250813_T45_N_P"
"T45_N","espece","Mammifères","carnivora","procyonidae","procyon",NA,NA,NA,"moyen",2025-08-13,"10:03:17","P","20250813_T45_N_P"
"T45_N","espece","Mammifères","rodentia","sciuridae","marmota",NA,"ecrase",NA,"moyen",2025-08-13,"10:04:48","P","20250813_T45_N_P"
"T45_N","espece","Mammifères","rodentia","sciuridae","marmota",NA,"ecrase",NA,"moyen",2025-08-13,"10:05:53","P","20250813_T45_N_P"
"T45_N","classe","Mammifères",NA,NA,NA,NA,"morceaux","accotement","petit",2025-08-13,"10:07:52","P","20250813_T45_N_P"
"T45_N","classe","Mammifères",NA,NA,NA,NA,"morceaux","accotement","petit",2025-08-13,"10:10:16","P","20250813_T45_N_P"
"T48_E","embranchement","Indéterminés",NA,NA,NA,NA,NA,NA,NA,2025-07-17,"09:04:21","P","20250717_T48_E_P"
"T48_E","classe","Mammifères",NA,NA,NA,NA,NA,NA,"petit",2025-07-17,"09:15:01","P","20250717_T48_E_P"
"T48_E","classe","Mammifères",NA,NA,NA,NA,NA,NA,"petit",2025-07-17,"09:19:05","P","20250717_T48_E_P"
"T49","espece","Reptiles","squamata","natricidae","thamnophis",NA,NA,"droite","petit",2025-07-28,"07:53:46","P","20250728_T49_P"
"T49","embranchement","Indéterminés",NA,NA,NA,NA,"seche",NA,"petit",2025-07-28,"08:23:22","P","20250728_T49_P"
"T49","embranchement","Indéterminés",NA,NA,NA,NA,"morceaux",NA,"petit",2025-07-28,"08:34:28","P","20250728_T49_P"
"T49","embranchement","Indéterminés",NA,NA,NA,NA,"morceaux",NA,"petit",2025-07-28,"08:41:19","P","20250728_T49_P"
"T49","ordre","Reptiles","testudines",NA,NA,NA,"morceaux",NA,"petit",2025-07-28,"08:43:58","P","20250728_T49_P"
"T49","ordre","Reptiles","testudines",NA,NA,NA,"morceaux","gravier_gauche","petit",2025-07-28,"08:47:44","P","20250728_T49_P"
"T52_E","espece","Mammifères","carnivora","procyonidae","procyon",NA,NA,"droite","moyen",2025-08-04,"07:54:55","P","20250804_T52_E_P"
"T52_E","espece","Mammifères","carnivora","procyonidae","procyon",NA,NA,"accotement","moyen",2025-08-04,"08:15:56","P","20250804_T52_E_P"
"T52_O","classe","Mammifères",NA,NA,NA,NA,"ecrase","droite","moyen",2025-08-04,"08:06:41","P","20250804_T52_O_P"
"T52_O","famille","Mammifères","carnivora","mustelidae",NA,NA,"ecrase","accotement","moyen",2025-08-04,"08:26:32","P","20250804_T52_O_P"
"T52_O","espece","Mammifères","carnivora","mephitidae","mephitis",NA,"recent","accotement","moyen",2025-08-04,"08:46:22","P","20250804_T52_O_P"
"T52_O","ordre","Oiseaux","passeriformes",NA,NA,NA,"recent","accotement","petit",2025-08-04,"08:47:21","P","20250804_T52_O_P"
"T59","espece","Amphibiens","anura","ranidae","lithobates",NA,NA,NA,"petit",2025-07-14,"06:06:30","P","20250714_T59_P"
"T59","ordre","Amphibiens","anura",NA,NA,NA,NA,NA,"petit",2025-07-14,"06:09:46","P","20250714_T59_P"
"T59","ordre","Amphibiens","anura",NA,NA,NA,NA,NA,"petit",2025-07-14,"06:12:16","P","20250714_T59_P"
"T59","espece","Amphibiens","anura","ranidae","lithobates",NA,NA,NA,"petit",2025-07-14,"06:12:39","P","20250714_T59_P"
"T59","ordre","Amphibiens","anura",NA,NA,NA,NA,NA,"petit",2025-07-14,"06:14:18","P","20250714_T59_P"
"T59","ordre","Amphibiens","anura",NA,NA,NA,NA,NA,"petit",2025-07-14,"06:16:19","P","20250714_T59_P"
"T59","ordre","Amphibiens","anura",NA,NA,NA,NA,NA,"petit",2025-07-14,"06:17:39","P","20250714_T59_P"
"T59","ordre","Amphibiens","anura",NA,NA,NA,NA,NA,"petit",2025-07-14,"06:19:18","P","20250714_T59_P"
"T59","ordre","Amphibiens","anura",NA,NA,NA,NA,NA,"petit",2025-07-14,"06:21:12","P","20250714_T59_P"
"T59","classe","Oiseaux",NA,NA,NA,NA,NA,NA,"petit",2025-07-14,"06:22:27","P","20250714_T59_P"
"T59","espece","Reptiles","testudines","chelydridae","chelydra",NA,NA,"gravier","petit",2025-07-14,"06:24:15","P","20250714_T59_P"
"T59","ordre","Amphibiens","anura",NA,NA,NA,NA,NA,"petit",2025-07-14,"06:28:36","P","20250714_T59_P"
"T59","ordre","Amphibiens","anura",NA,NA,NA,NA,NA,"petit",2025-07-14,"06:30:08","P","20250714_T59_P"
"T59","ordre","Amphibiens","anura",NA,NA,NA,NA,NA,"petit",2025-07-14,"06:31:27","P","20250714_T59_P"
"T59","espece","Amphibiens","anura","ranidae","lithobates",NA,NA,NA,"petit",2025-07-14,"06:32:25","P","20250714_T59_P"
"T59","ordre","Amphibiens","anura",NA,NA,NA,NA,NA,"petit",2025-07-14,"06:35:04","P","20250714_T59_P"
"T59","ordre","Amphibiens","anura",NA,NA,NA,NA,NA,"petit",2025-07-14,"06:37:26","P","20250714_T59_P"
"T59","ordre","Amphibiens","anura",NA,NA,NA,NA,NA,"petit",2025-07-14,"06:42:10","P","20250714_T59_P"
"T59","ordre","Amphibiens","anura",NA,NA,NA,NA,NA,"petit",2025-07-14,"06:43:24","P","20250714_T59_P"
"T59","ordre","Amphibiens","anura",NA,NA,NA,NA,NA,"petit",2025-07-14,"06:45:10","P","20250714_T59_P"
"T59","ordre","Amphibiens","anura",NA,NA,NA,NA,NA,"petit",2025-07-14,"06:46:41","P","20250714_T59_P"
"T59","ordre","Amphibiens","anura",NA,NA,NA,NA,NA,"petit",2025-07-14,"06:48:21","P","20250714_T59_P"
"T59","ordre","Amphibiens","anura",NA,NA,NA,NA,NA,"petit",2025-07-14,"06:50:42","P","20250714_T59_P"
"T59","ordre","Amphibiens","anura",NA,NA,NA,NA,NA,"petit",2025-07-14,"06:55:03","P","20250714_T59_P"
"T59","ordre","Amphibiens","anura",NA,NA,NA,NA,NA,"petit",2025-07-14,"06:56:02","P","20250714_T59_P"
"T59","ordre","Amphibiens","anura",NA,NA,NA,NA,NA,"petit",2025-07-14,"06:58:23","P","20250714_T59_P"
"T59","ordre","Amphibiens","anura",NA,NA,NA,NA,NA,"petit",2025-07-14,"07:01:55","P","20250714_T59_P"
"T59","ordre","Amphibiens","anura",NA,NA,NA,NA,NA,"petit",2025-07-14,"07:07:10","P","20250714_T59_P"
"T59","ordre","Amphibiens","anura",NA,NA,NA,NA,NA,"petit",2025-07-14,"07:09:13","P","20250714_T59_P"
"T59","ordre","Amphibiens","anura",NA,NA,NA,NA,NA,"petit",2025-07-14,"07:10:03","P","20250714_T59_P"
"T59","ordre","Amphibiens","anura",NA,NA,NA,NA,NA,"petit",2025-07-14,"07:11:31","P","20250714_T59_P"
"T59","ordre","Amphibiens","anura",NA,NA,NA,NA,NA,"petit",2025-07-14,"07:15:43","P","20250714_T59_P"
"T59","ordre","Amphibiens","anura",NA,NA,NA,NA,NA,"petit",2025-07-14,"07:16:09","P","20250714_T59_P"
"T59","ordre","Amphibiens","anura",NA,NA,NA,NA,NA,"petit",2025-07-14,"07:17:28","P","20250714_T59_P"
"T59","ordre","Amphibiens","anura",NA,NA,NA,NA,NA,"petit",2025-07-14,"07:20:00","P","20250714_T59_P"
"T59","ordre","Amphibiens","anura",NA,NA,NA,NA,NA,"petit",2025-07-14,"07:20:26","P","20250714_T59_P"
"T59","classe","Oiseaux",NA,NA,NA,NA,NA,NA,"petit",2025-07-14,"07:21:00","P","20250714_T59_P"
"T59","espece","Amphibiens","anura","ranidae","lithobates",NA,NA,NA,"petit",2025-07-14,"07:21:56","P","20250714_T59_P"
"T59","ordre","Amphibiens","anura",NA,NA,NA,NA,NA,"petit",2025-07-14,"07:22:30","P","20250714_T59_P"
"T59","ordre","Amphibiens","anura",NA,NA,NA,NA,NA,"petit",2025-07-14,"07:23:50","P","20250714_T59_P"
"T59","espece","Oiseaux","passeriformes","fringillidae","spinus",NA,NA,NA,"petit",2025-07-14,"07:24:41","P","20250714_T59_P"
"T59","classe","Oiseaux",NA,NA,NA,NA,NA,NA,"moyen",2025-07-14,"07:25:11","P","20250714_T59_P"
"T59","ordre","Amphibiens","anura",NA,NA,NA,NA,NA,"petit",2025-07-14,"07:25:31","P","20250714_T59_P"
"T59","ordre","Amphibiens","anura",NA,NA,NA,NA,NA,"petit",2025-07-14,"07:26:55","P","20250714_T59_P"
"T59","espece","Mammifères","rodentia","sciuridae","marmota",NA,NA,NA,"moyen",2025-07-14,"07:27:33","P","20250714_T59_P"
"T59","classe","Oiseaux",NA,NA,NA,NA,NA,NA,"petit",2025-07-14,"07:28:36","P","20250714_T59_P"
"T59","ordre","Amphibiens","anura",NA,NA,NA,NA,NA,"petit",2025-07-14,"07:30:16","P","20250714_T59_P"
"T59","ordre","Amphibiens","anura",NA,NA,NA,NA,NA,"petit",2025-07-14,"07:30:37","P","20250714_T59_P"
"T59","ordre","Amphibiens","anura",NA,NA,NA,NA,NA,"petit",2025-07-14,"07:30:59","P","20250714_T59_P"
"T59","ordre","Amphibiens","anura",NA,NA,NA,NA,NA,"petit",2025-07-14,"07:31:39","P","20250714_T59_P"
"T59","ordre","Amphibiens","anura",NA,NA,NA,NA,"accotement","petit",2025-08-13,"05:54:24","P","20250813_T59_P"
"T59","ordre","Amphibiens","anura",NA,NA,NA,"ecrase","droite","petit",2025-08-13,"05:59:27","P","20250813_T59_P"
"T59","ordre","Amphibiens","anura",NA,NA,NA,"ecrase","droite","petit",2025-08-13,"06:09:08","P","20250813_T59_P"
"T59","ordre","Amphibiens","anura",NA,NA,NA,"ecrase","droite","petit",2025-08-13,"06:11:26","P","20250813_T59_P"
"T59","ordre","Amphibiens","anura",NA,NA,NA,"ecrase","droite","petit",2025-08-13,"06:12:59","P","20250813_T59_P"
"T59","ordre","Amphibiens","anura",NA,NA,NA,NA,"milieu","petit",2025-08-13,"06:16:33","P","20250813_T59_P"
"T59","ordre","Amphibiens","anura",NA,NA,NA,"ecrase","gauche","petit",2025-08-13,"06:17:22","P","20250813_T59_P"
"T59","ordre","Amphibiens","anura",NA,NA,NA,"ecrase","gauche","petit",2025-08-13,"06:28:03","P","20250813_T59_P"
"T59","ordre","Amphibiens","anura",NA,NA,NA,"ecrase","accotement_gauche","petit",2025-08-13,"06:29:32","P","20250813_T59_P"
"T59","ordre","Amphibiens","anura",NA,NA,NA,"ecrase","gauche","petit",2025-08-13,"06:31:10","P","20250813_T59_P"
"T59","espece","Amphibiens","anura","ranidae","lithobates",NA,"ecrase","gauche","petit",2025-08-13,"06:32:08","P","20250813_T59_P"
"T59","ordre","Amphibiens","anura",NA,NA,NA,"ecrase","gauche","petit",2025-08-13,"06:34:26","P","20250813_T59_P"
"T59","ordre","Amphibiens","anura",NA,NA,NA,"ecrase","gauche","petit",2025-08-13,"06:36:05","P","20250813_T59_P"
"T59","ordre","Amphibiens","anura",NA,NA,NA,"ecrase","gauche","petit",2025-08-13,"06:37:08","P","20250813_T59_P"
"T59","ordre","Amphibiens","anura",NA,NA,NA,"ecrase","gauche","petit",2025-08-13,"06:38:10","P","20250813_T59_P"
"T59","ordre","Amphibiens","anura",NA,NA,NA,"ecrase","gauche","petit",2025-08-13,"06:39:31","P","20250813_T59_P"
"T59","ordre","Amphibiens","anura",NA,NA,NA,"ecrase","gauche","petit",2025-08-13,"06:39:31","P","20250813_T59_P"
"T59","ordre","Amphibiens","anura",NA,NA,NA,NA,"accotement_gauche","petit",2025-08-13,"06:40:37","P","20250813_T59_P"
"T59","ordre","Amphibiens","anura",NA,NA,NA,"morceaux","accotement_gauche","petit",2025-08-13,"06:42:28","P","20250813_T59_P"
"T59","espece","Amphibiens","anura","ranidae","lithobates",NA,NA,"accotement_gauche","petit",2025-08-13,"06:44:19","P","20250813_T59_P"
"T59","ordre","Amphibiens","anura",NA,NA,NA,NA,"accotement_gauche","petit",2025-08-13,"06:45:18","P","20250813_T59_P"
"T59","ordre","Amphibiens","anura",NA,NA,NA,NA,"accotement_gauche","petit",2025-08-13,"06:46:31","P","20250813_T59_P"
"T59","ordre","Amphibiens","anura",NA,NA,NA,"ecrase","gauche","petit",2025-08-13,"06:47:51","P","20250813_T59_P"
"T59","ordre","Amphibiens","anura",NA,NA,NA,"ecrase","gauche","petit",2025-08-13,"06:49:03","P","20250813_T59_P"
"T59","ordre","Amphibiens","anura",NA,NA,NA,NA,"accotement_gauche","petit",2025-08-13,"06:50:02","P","20250813_T59_P"
"T59","ordre","Amphibiens","anura",NA,NA,NA,"ecrase","gauche","petit",2025-08-13,"06:51:19","P","20250813_T59_P"
"T59","espece","Amphibiens","anura","ranidae","lithobates",NA,"ecrase","accotement_gauche","petit",2025-08-13,"06:52:27","P","20250813_T59_P"
"T59","ordre","Amphibiens","anura",NA,NA,NA,"ecrase","gauche","petit",2025-08-13,"06:54:54","P","20250813_T59_P"
"T59","ordre","Amphibiens","anura",NA,NA,NA,"ecrase","gauche","petit",2025-08-13,"06:56:22","P","20250813_T59_P"
"T59","classe","Oiseaux",NA,NA,NA,NA,NA,"gravier_gauche","moyen",2025-08-13,"06:59:22","P","20250813_T59_P"
"T59","ordre","Amphibiens","anura",NA,NA,NA,NA,"accotement_gauche","petit",2025-08-13,"07:00:07","P","20250813_T59_P"
"T59","classe","Mammifères",NA,NA,NA,NA,"ecrase","gauche","petit",2025-08-13,"07:01:48","P","20250813_T59_P"
"T59","classe","Mammifères",NA,NA,NA,NA,NA,"gravier_gauche","moyen",2025-08-13,"07:03:27","P","20250813_T59_P"
"T61_N","classe","Mammifères",NA,NA,NA,NA,"morceaux",NA,"moyen",2025-07-01,"08:59:24","P","20250701_T61_N_P"
"T65_N","ordre","Amphibiens","anura",NA,NA,NA,NA,NA,"petit",2025-07-01,"06:52:31","P","20250701_T65_N_P"
"T65_N","espece","Mammifères","carnivora","procyonidae","procyon",NA,NA,NA,"moyen",2025-07-01,"07:20:40","P","20250701_T65_N_P"
"T20_O","espece","Mammifères","carnivora","procyonidae","procyon","procyon_lotor",NA,NA,NA,2025-06-16,NA,"G","20250616_T20_O_G"
"T65_N","espece","Mammifères","carnivora","procyonidae","procyon","procyon_lotor",NA,NA,NA,2025-07-01,NA,"G","20250701_T65_N_G"
"T59_E","classe","Mammifères",NA,NA,NA,NA,NA,NA,NA,2025-07-14,NA,"G","20250714_T59_E_G"
"T41_E","espece","Mammifères","carnivora","mephitidae","mephitis","mephitis_mephitis",NA,NA,NA,2025-07-18,NA,"G","20250718_T41_E_G"
"T40_O","espece","Mammifères","rodentia","sciuridae","marmota","marmota_monax",NA,NA,NA,2025-07-28,NA,"G","20250728_T40_O_G"
"T52_O","espece","Mammifères","carnivora","mephitidae","mephitis","mephitis_mephitis",NA,NA,NA,2025-08-04,NA,"G","20250804_T52_O_G"
"T45_N","espece","Mammifères","carnivora","procyonidae","procyon","procyon_lotor",NA,NA,NA,2025-08-13,NA,"G","20250813_T45_N_G"
