"tr","protocol","date","debut","fin","visit"
"T25","Pied","2025-06-02",2025-06-02 07:53:00,2025-06-02 08:40:00,"T25_2025-06-02_Pied"
"T25","GoPro","2025-06-02",2025-06-02 06:05:00,2025-06-02 06:17:00,"T25_2025-06-02_GoPro"
"T26","Pied","2025-06-02",2025-06-02 06:30:00,2025-06-02 07:00:00,"T26_2025-06-02_Pied"
"T26","GoPro","2025-06-02",2025-06-02 05:30:00,2025-06-02 05:48:00,"T26_2025-06-02_GoPro"
"T48","Pied","2025-06-02",2025-06-02 07:10:00,2025-06-02 07:44:00,"T48_2025-06-02_Pied"
"T48","GoPro","2025-06-02",2025-06-02 05:57:00,2025-06-02 06:25:00,"T48_2025-06-02_GoPro"
"T02","GoPro","2025-06-03",2025-06-03 06:50:00,2025-06-03 06:55:00,"T02_2025-06-03_GoPro"
"T02","Pied","2025-06-03",2025-06-03 06:00:00,2025-06-03 06:40:00,"T02_2025-06-03_Pied"
"T14","Pied","2025-06-03",2025-06-03 08:32:00,2025-06-03 09:00:00,"T14_2025-06-03_Pied"
"T14","GoPro","2025-06-03",2025-06-03 07:36:00,2025-06-03 07:49:00,"T14_2025-06-03_GoPro"
"T39","Drone","2025-06-03",2025-06-03 08:00:00,2025-06-03 08:15:00,"T39_2025-06-03_Drone"
"T39","GoPro","2025-06-03",2025-06-03 07:42:00,2025-06-03 07:44:00,"T39_2025-06-03_GoPro"
"T01","Pied","2025-06-09",2025-06-09 07:26:00,2025-06-09 08:15:00,"T01_2025-06-09_Pied"
"T01","GoPro","2025-06-09",2025-06-09 06:17:00,2025-06-09 06:29:00,"T01_2025-06-09_GoPro"
"T28","Pied","2025-06-09",2025-06-09 06:35:00,2025-06-09 07:18:00,"T28_2025-06-09_Pied"
"T28","GoPro","2025-06-09",2025-06-09 06:08:00,2025-06-09 06:10:00,"T28_2025-06-09_GoPro"
"T62","Pied","2025-06-09",2025-06-09 08:22:00,2025-06-09 08:45:00,"T62_2025-06-09_Pied"
"T62","GoPro","2025-06-09",2025-06-09 06:21:00,2025-06-09 06:25:00,"T62_2025-06-09_GoPro"
"T52","GoPro","2025-06-10",2025-06-10 07:35:00,2025-06-10 07:39:00,"T52_2025-06-10_GoPro"
"T52","Pied","2025-06-10",2025-06-10 06:20:00,2025-06-10 07:00:00,"T52_2025-06-10_Pied"
"T53","GoPro","2025-06-10",2025-06-10 07:26:00,2025-06-10 07:30:00,"T53_2025-06-10_GoPro"
"T53","Pied","2025-06-10",2025-06-10 05:20:00,2025-06-10 06:06:00,"T53_2025-06-10_Pied"
"T20","Drone","2025-06-16",2025-06-16 06:15:00,2025-06-16 07:00:00,"T20_2025-06-16_Drone"
"T20","GoPro","2025-06-16",2025-06-16 05:53:00,2025-06-16 06:08:00,"T20_2025-06-16_GoPro"
"T57","Drone","2025-06-16",2025-06-16 08:20:00,2025-06-16 09:20:00,"T57_2025-06-16_Drone"
"T57","GoPro","2025-06-16",2025-06-16 07:48:00,2025-06-16 07:58:00,"T57_2025-06-16_GoPro"
"T35","Drone","2025-06-25",2025-06-25 07:33:00,2025-06-25 08:00:00,"T35_2025-06-25_Drone"
"T35","GoPro","2025-06-25",2025-06-25 07:20:00,2025-06-25 07:24:00,"T35_2025-06-25_GoPro"
"T36","Drone","2025-06-25",2025-06-25 06:30:00,2025-06-25 06:59:00,"T36_2025-06-25_Drone"
"T36","GoPro","2025-06-25",2025-06-25 06:18:00,2025-06-25 06:21:00,"T36_2025-06-25_GoPro"
"T61","Pied","2025-07-01",2025-07-01 08:20:00,2025-07-01 09:07:00,"T61_2025-07-01_Pied"
"T61","GoPro","2025-07-01",2025-07-01 07:58:00,2025-07-01 08:02:00,"T61_2025-07-01_GoPro"
"T65","Pied","2025-07-01",2025-07-01 06:37:00,2025-07-01 07:50:00,"T65_2025-07-01_Pied"
"T65","GoPro","2025-07-01",2025-07-01 06:15:00,2025-07-01 06:33:00,"T65_2025-07-01_GoPro"
"T41","GoPro","2025-07-02",2025-07-02 07:14:00,2025-07-02 07:59:00,"T41_2025-07-02_GoPro"
"T41","Drone","2025-07-02",2025-07-02 07:34:00,2025-07-02 07:45:00,"T41_2025-07-02_Drone"
"T42","GoPro","2025-07-02",2025-07-02 07:00:00,2025-07-02 07:12:00,"T42_2025-07-02_GoPro"
"T42","Drone","2025-07-02",2025-07-02 06:33:00,2025-07-02 06:42:00,"T42_2025-07-02_Drone"
"T03","Drone","2025-07-07",2025-07-07 06:23:00,2025-07-07 06:53:00,"T03_2025-07-07_Drone"
"T03","GoPro","2025-07-07",2025-07-07 06:05:00,2025-07-07 06:10:00,"T03_2025-07-07_GoPro"
"T09","Pied","2025-07-07",2025-07-07 07:28:00,2025-07-07 08:42:00,"T09_2025-07-07_Pied"
"T09","GoPro","2025-07-07",2025-07-07 07:14:00,2025-07-07 07:21:00,"T09_2025-07-07_GoPro"
"T15","Pied","2025-07-08",2025-07-08 05:36:00,2025-07-08 07:00:00,"T15_2025-07-08_Pied"
"T15","GoPro","2025-07-08",2025-07-08 05:26:00,2025-07-08 05:31:00,"T15_2025-07-08_GoPro"
"T30","Drone","2025-07-08",2025-07-08 07:26:00,2025-07-08 07:57:00,"T30_2025-07-08_Drone"
"T30","GoPro","2025-07-08",2025-07-08 07:13:00,2025-07-08 07:24:00,"T30_2025-07-08_GoPro"
"T31","Drone","2025-07-08",2025-07-08 08:20:00,2025-07-08 08:50:00,"T31_2025-07-08_Drone"
"T31","GoPro","2025-07-08",2025-07-08 08:08:00,2025-07-08 08:11:00,"T31_2025-07-08_GoPro"
"T22","GoPro","2025-07-14",2025-07-14 09:22:00,2025-07-14 09:25:00,"T22_2025-07-14_GoPro"
"T22","Pied","2025-07-14",2025-07-14 07:58:00,2025-07-14 09:13:00,"T22_2025-07-14_Pied"
"T45","GoPro","2025-07-14",2025-07-14 10:38:00,2025-07-14 10:41:00,"T45_2025-07-14_GoPro"
"T45","Pied","2025-07-14",2025-07-14 09:35:00,2025-07-14 10:28:00,"T45_2025-07-14_Pied"
"T59","GoPro","2025-07-14",2025-07-14 07:50:00,2025-07-14 07:54:00,"T59_2025-07-14_GoPro"
"T59","Pied","2025-07-14",2025-07-14 06:00:00,2025-07-14 07:45:00,"T59_2025-07-14_Pied"
"T40","Drone","2025-07-15",2025-07-15 07:18:00,2025-07-15 07:25:00,"T40_2025-07-15_Drone"
"T40","GoPro","2025-07-15",2025-07-15 05:27:00,2025-07-15 05:32:00,"T40_2025-07-15_GoPro"
"T47","Drone","2025-07-15",2025-07-15 06:34:00,2025-07-15 06:42:00,"T47_2025-07-15_Drone"
"T47","GoPro","2025-07-15",2025-07-15 05:25:00,2025-07-15 05:34:00,"T47_2025-07-15_GoPro"
"T49","Drone","2025-07-15",2025-07-15 05:45:00,2025-07-15 06:09:00,"T49_2025-07-15_Drone"
"T49","GoPro","2025-07-15",2025-07-15 05:36:00,2025-07-15 05:39:00,"T49_2025-07-15_GoPro"
"T26","GoPro","2025-07-17",2025-07-17 08:05:00,2025-07-17 08:10:00,"T26_2025-07-17_GoPro"
"T26","Pied","2025-07-17",2025-07-17 06:30:00,2025-07-17 07:20:00,"T26_2025-07-17_Pied"
"T48","Pied","2025-07-17",2025-07-17 08:35:00,2025-07-17 09:30:00,"T48_2025-07-17_Pied"
"T48","GoPro","2025-07-17",2025-07-17 08:16:00,2025-07-17 08:33:00,"T48_2025-07-17_GoPro"
"T41","Pied","2025-07-18",2025-07-18 05:46:00,2025-07-18 07:10:00,"T41_2025-07-18_Pied"
"T41","GoPro","2025-07-18",2025-07-18 05:21:00,2025-07-18 05:33:00,"T41_2025-07-18_GoPro"
"T42","Pied","2025-07-18",2025-07-18 07:28:00,2025-07-18 09:00:00,"T42_2025-07-18_Pied"
"T42","GoPro","2025-07-18",2025-07-18 05:23:00,2025-07-18 05:35:00,"T42_2025-07-18_GoPro"
"T14","GoPro","2025-07-21",2025-07-21 08:13:00,2025-07-21 08:16:00,"T14_2025-07-21_GoPro"
"T14","Pied","2025-07-21",2025-07-21 07:17:00,2025-07-21 08:08:00,"T14_2025-07-21_Pied"
"T39","GoPro","2025-07-21",2025-07-21 07:04:00,2025-07-21 07:06:00,"T39_2025-07-21_GoPro"
"T39","Pied","2025-07-21",2025-07-21 06:04:00,2025-07-21 06:59:00,"T39_2025-07-21_Pied"
"T02","Pied","2025-07-22",2025-07-22 05:36:00,2025-07-22 06:23:00,"T02_2025-07-22_Pied"
"T02","GoPro","2025-07-22",2025-07-22 05:23:00,2025-07-22 05:28:00,"T02_2025-07-22_GoPro"
"T25","Drone","2025-07-22",2025-07-22 06:43:00,2025-07-22 07:14:00,"T25_2025-07-22_Drone"
"T25","GoPro","2025-07-22",2025-07-22 06:33:00,2025-07-22 06:36:00,"T25_2025-07-22_GoPro"
"T40","Drone","2025-07-28",2025-07-28 07:17:00,2025-07-28 07:24:00,"T40_2025-07-28_Drone"
"T40","GoPro","2025-07-28",2025-07-28 06:22:00,2025-07-28 06:27:00,"T40_2025-07-28_GoPro"
"T47","Drone","2025-07-28",2025-07-28 06:47:00,2025-07-28 06:55:00,"T47_2025-07-28_Drone"
"T47","GoPro","2025-07-28",2025-07-28 06:20:00,2025-07-28 06:28:00,"T47_2025-07-28_GoPro"
"T49","Pied","2025-07-28",2025-07-28 07:47:00,2025-07-28 09:00:00,"T49_2025-07-28_Pied"
"T49","GoPro","2025-07-28",2025-07-28 06:30:00,2025-07-28 06:33:00,"T49_2025-07-28_GoPro"
"T61","GoPro","2025-07-29",2025-07-29 07:20:00,2025-07-29 07:24:00,"T61_2025-07-29_GoPro"
"T61","Drone","2025-07-29",2025-07-29 06:28:00,2025-07-29 06:50:00,"T61_2025-07-29_Drone"
"T65","GoPro","2025-07-29",2025-07-29 06:15:00,2025-07-29 06:22:00,"T65_2025-07-29_GoPro"
"T65","Drone","2025-07-29",2025-07-29 05:30:00,2025-07-29 06:05:00,"T65_2025-07-29_Drone"
"T35","Pied","2025-07-30",2025-07-30 06:58:00,2025-07-30 08:50:00,"T35_2025-07-30_Pied"
"T35","GoPro","2025-07-30",2025-07-30 06:51:00,2025-07-30 06:55:00,"T35_2025-07-30_GoPro"
"T36","Pied","2025-07-30",2025-07-30 05:28:00,2025-07-30 06:30:00,"T36_2025-07-30_Pied"
"T36","GoPro","2025-07-30",2025-07-30 05:22:00,2025-07-30 05:25:00,"T36_2025-07-30_GoPro"
"T52","GoPro","2025-08-04",2025-08-04 09:10:00,2025-08-04 09:23:00,"T52_2025-08-04_GoPro"
"T52","Pied","2025-08-04",2025-08-04 07:35:00,2025-08-04 09:06:00,"T52_2025-08-04_Pied"
"T53","GoPro","2025-08-04",2025-08-04 07:08:00,2025-08-04 07:20:00,"T53_2025-08-04_GoPro"
"T53","Drone","2025-08-04",2025-08-04 06:54:00,2025-08-04 07:00:00,"T53_2025-08-04_Drone"
"T62","GoPro","2025-08-04",2025-08-04 06:20:00,2025-08-04 06:28:00,"T62_2025-08-04_GoPro"
"T62","Drone","2025-08-04",2025-08-04 06:03:00,2025-08-04 06:09:00,"T62_2025-08-04_Drone"
"T01","GoPro","2025-08-05",2025-08-05 06:17:00,2025-08-05 06:21:00,"T01_2025-08-05_GoPro"
"T01","Drone","2025-08-05",2025-08-05 05:36:00,2025-08-05 06:02:00,"T01_2025-08-05_Drone"
"T28","GoPro","2025-08-05",2025-08-05 07:02:00,2025-08-05 07:05:00,"T28_2025-08-05_GoPro"
"T28","Drone","2025-08-05",2025-08-05 06:27:00,2025-08-05 06:48:00,"T28_2025-08-05_Drone"
"T20","GoPro","2025-08-06",2025-08-06 06:14:00,2025-08-06 06:18:00,"T20_2025-08-06_GoPro"
"T20","Drone","2025-08-06",2025-08-06 05:57:00,2025-08-06 06:03:00,"T20_2025-08-06_Drone"
"T57","GoPro","2025-08-06",2025-08-06 07:06:00,2025-08-06 07:15:00,"T57_2025-08-06_GoPro"
"T57","Drone","2025-08-06",2025-08-06 06:46:00,2025-08-06 06:51:00,"T57_2025-08-06_Drone"
"T30","GoPro","2025-08-11",2025-08-11 09:22:00,2025-08-11 09:26:00,"T30_2025-08-11_GoPro"
"T30","Pied","2025-08-11",2025-08-11 07:59:00,2025-08-11 09:07:00,"T30_2025-08-11_Pied"
"T31","GoPro","2025-08-11",2025-08-11 07:47:00,2025-08-11 07:50:00,"T31_2025-08-11_GoPro"
"T31","Pied","2025-08-11",2025-08-11 06:35:00,2025-08-11 07:37:00,"T31_2025-08-11_Pied"
"T03","GoPro","2025-08-12",2025-08-12 07:36:00,2025-08-12 07:40:00,"T03_2025-08-12_GoPro"
"T03","Pied","2025-08-12",2025-08-12 06:41:00,2025-08-12 07:24:00,"T03_2025-08-12_Pied"
"T09","GoPro","2025-08-12",2025-08-12 06:18:00,2025-08-12 06:23:00,"T09_2025-08-12_GoPro"
"T09","Pied","2025-08-12",2025-08-12 05:10:00,2025-08-12 06:13:00,"T09_2025-08-12_Pied"
"T15","GoPro","2025-08-12",2025-08-12 09:05:00,2025-08-12 09:11:00,"T15_2025-08-12_GoPro"
"T15","Pied","2025-08-12",2025-08-12 07:45:00,2025-08-12 08:30:00,"T15_2025-08-12_Pied"
"T22","Pied","2025-08-13",2025-08-13 07:37:00,2025-08-13 08:54:00,"T22_2025-08-13_Pied"
"T22","GoPro","2025-08-13",2025-08-13 07:27:00,2025-08-13 07:36:00,"T22_2025-08-13_GoPro"
"T45","Pied","2025-08-13",2025-08-13 09:16:00,2025-08-13 10:12:00,"T45_2025-08-13_Pied"
"T45","GoPro","2025-08-13",2025-08-13 09:05:00,2025-08-13 09:12:00,"T45_2025-08-13_GoPro"
"T59","Pied","2025-08-13",2025-08-13 05:48:00,2025-08-13 07:20:00,"T59_2025-08-13_Pied"
"T59","GoPro","2025-08-13",2025-08-13 05:42:00,2025-08-13 05:46:00,"T59_2025-08-13_GoPro"
