waypoint,site,sens_obs,rang_id,classe,ordre,famille,genre,espece,etat,emplacement,taille,date,heure,revu,mortalite,commentaires
MORT-RATO-T01,T01_E,E,classe,mammalia,carnivora,procyonidae,procyon,procyon_lotor,morceaux,NA,moyen,2025-06-09,07:55:19,0,1,
MORT-MUSA,T02,S,classe,mammalia,NA,NA,NA,NA,NA,accotement_gauche,petit,2025-07-22,05:40:52,0,1,Musaraigne
MORT-OISE-T02,T02,S,classe,aves,NA,NA,NA,NA,NA,gazon,petit,2025-06-03,06:31:02,0,1,Sur une piste cyclable sur le trottoir
MORT-OISE,T02,S,classe,aves,NA,NA,NA,NA,ecrase,accotement,petit,2025-07-22,05:46:16,0,1,
MORT-GREN,T02,S,ordre,amphibia,anura,NA,NA,NA,ecrase,accotement,petit,2025-07-22,05:55:26,0,1,LICL?
MORT-OISE,T03_E,E,classe,aves,NA,NA,NA,NA,NA,accotement,petit,2025-08-12,06:54:11,0,1,
MORT-RATON,T09_O,O,espece,mammalia,carnivora,procyonidae,procyon,procyon_lotor,NA,NA,moyen,2025-07-07,07:59:55,0,1,
MORT-MAMM-morceaux,T09_O,O,classe,mammalia,NA,NA,NA,NA,morceaux,accotement,moyen,2025-07-07,07:42:45,0,1,
MORT-OISE,T09_O,O,classe,aves,NA,NA,NA,NA,NA,gazon,moyen,2025-08-12,05:32:27,0,1,Rapace
NA,T09_O,O,espece,mammalia,carnivora,procyonidae,procyon,procyon_lotor,decompose,NA,moyen,2025-08-12,06:13:00,1,0,Déjà vu
morceaux,T14_E,E,espece,mammalia,rodentia,cricetidae,ondatra,ondatra_zibethicus,NA,accotement,petit,2025-07-21,07:23:45,0,1,Queue uniquement. Compté comme une mortalité.
MORT-MICR,T14_E,E,classe,mammalia,NA,NA,NA,NA,seche,accotement,petit,2025-07-21,07:44:39,0,1,Micromammifère
MORT-LAGO,T14_E,E,classe,mammalia,NA,NA,NA,NA,ecrase,accotement,moyen,2025-07-21,07:47:12,0,1,Lagomorphe. Probablement lapin.
MORT-GREN-T15,T15_O,O,ordre,amphibia,anura,NA,NA,NA,NA,accotement,petit,2025-07-08,05:52:36,0,1,
MORT-MAMM-MORCEAU-T15,T15_O,O,classe,mammalia,NA,NA,NA,NA,ecrase,accotement,moyen,2025-07-08,06:35:27,0,1,
NA,T15_O,O,classe,mammalia,NA,NA,NA,NA,morceaux,NA,petit,2025-08-12,07:50:00,1,0,Déjà vu.
MORT-MICROMAMM,T15_O,O,classe,mammalia,NA,NA,NA,NA,NA,droite,petit,2025-08-12,08:05:07,0,1,Micromammifere. 
STOC,T15_O,O,espece,reptilia,squamata,natricidae,storeria,storeria_occipitomaculata,NA,gazon,petit,2025-08-12,07:55:20,0,1,
STOC,T15_O,O,espece,reptilia,squamata,natricidae,storeria,storeria_occipitomaculata,NA,gazon,petit,2025-08-12,08:21:18,0,1,
NA,T15_O,O,espece,reptilia,squamata,natricidae,storeria,storeria_occipitomaculata,morceaux,gazon,petit,2025-08-12,08:21:18,0,1,1 seul point GPS pris pour les deux STOC. qui étaient l'une à côté de l'autre.
MORT-OISE,T15_O,O,classe,aves,NA,NA,NA,NA,NA,gazon,petit,2025-08-12,08:27:52,0,1,
MORT,T22_E,E,embranchement,NA,NA,NA,NA,NA,NA,milieu,moyen,2025-07-14,08:34:44,0,1,Taille moyenne. incertain si oiseau ou écureuil
MORT,T22_E,E,espece,mammalia,carnivora,procyonidae,procyon,procyon_lotor,decompose,NA,moyen,2025-07-14,08:37:41,0,1,
MORT-OISE,T22_E,E,classe,aves,NA,NA,NA,NA,NA,NA,petit,2025-07-14,08:41:00,0,1,
MORT-OISE,T22_E,E,classe,aves,NA,NA,NA,NA,NA,NA,petit,2025-07-14,08:41:53,0,1,
MORT-OISE,T22_E,E,classe,aves,NA,NA,NA,NA,NA,NA,petit,2025-07-14,08:54:48,0,1,
MORT,T22_E,E,classe,mammalia,NA,NA,NA,NA,morceaux,NA,petit,2025-07-14,08:57:27,0,1,Petit mammifère
MORT-GREN,T22_E,E,ordre,amphibia,anura,NA,NA,NA,ecrase,accotement,petit,2025-08-13,07:45:51,0,1,
THSI,T22_E,E,espece,reptilia,squamata,natricidae,thamnophis,thamnophis_sirtalis,ecrase,accotement,petit,2025-08-13,07:50:23,0,1,
MORCEAU,T22_E,E,classe,aves,NA,NA,NA,NA,morceaux,accotement,petit,2025-08-13,08:03:37,0,1,Patte d'oiseau. Compté comme une mortalité avec le morceau suivant.
MORCEAU,T22_E,E,classe,aves,NA,NA,NA,NA,morceaux,accotement,petit,2025-08-13,08:06:37,0,0,Morceau d'oiseau. Compté comme une mortalité avec le morceau précédent.
MORT-RATO,T22_E,E,espece,mammalia,carnivora,procyonidae,procyon,procyon_lotor,ecrase,NA,moyen,2025-08-13,08:09:55,0,1,
MORT-OISE,T22_E,E,classe,aves,NA,NA,NA,NA,morceaux,accotement,petit,2025-08-13,08:14:29,0,1,
MORT-OISE,T22_E,E,classe,aves,NA,NA,NA,NA,NA,accotement,petit,2025-08-13,08:15:34,0,1,
MORT-GREN,T22_E,E,ordre,amphibia,anura,NA,NA,NA,ecrase,accotement,petit,2025-08-13,08:22:17,0,1,
MORCEAU,T22_E,E,embranchement,NA,NA,NA,NA,NA,morceaux,NA,petit,2025-08-13,08:26:28,0,1,Bout de colonne vertébrale + cage thoracique. Compté comme mortalité.
MORT-├ëCUR,T22_E,E,espece,mammalia,rodentia,sciuridae,sciurus,sciurus_carolinensis,NA,droite,moyen,2025-08-13,08:31:49,0,1,
MORT-OISE,T22_E,E,classe,aves,NA,NA,NA,NA,NA,accotement,petit,2025-08-13,08:33:06,0,1,
MORCEAU-OISE,T22_E,E,classe,aves,NA,NA,NA,NA,NA,accotement,petit,2025-08-13,08:34:30,0,1,
MORCEAU,T22_E,E,classe,mammalia,NA,NA,NA,NA,morceaux,gazon,petit,2025-08-13,08:41:55,0,1,Patte de mammifère. Compté comme mortalité
NA,T26_O,O,classe,mammalia,NA,NA,NA,NA,NA,NA,petit,2025-07-17,07:20:00,0,1,Micromammifère. de type souris
MORT-CHAT-T28,T28,S,espece,mammalia,carnivora,felidae,felis,felis_catus,NA,NA,moyen,2025-06-09,06:46:27,0,1,
MORT-OISE-T28,T28,S,classe,aves,NA,NA,NA,NA,NA,NA,petit,2025-06-09,06:50:13,0,1,
MORT-OISE,T30_N,S,classe,aves,NA,NA,NA,NA,NA,gauche,moyen,2025-08-11,08:48:10,0,1,Carcasse dans la direction opposée
MORT-OISE,T30_S,S,classe,aves,NA,NA,NA,NA,NA,accotement,petit,2025-08-11,08:42:12,0,1,
MORT-OISE,T31_E,E,classe,aves,NA,NA,NA,NA,NA,accotement,moyen,2025-08-11,06:42:43,0,1,
MORT-OISE,T31_E,E,classe,aves,NA,NA,NA,NA,NA,accotement,moyen,2025-08-11,06:43:43,0,1,
MORT-MICROMAMM,T31_E,E,classe,aves,NA,NA,NA,NA,NA,NA,petit,2025-08-11,06:45:52,0,1,Micromammifere. Sur la route. voie non indiquée. peut-être vérifiable avec les coordonnées GPS.
MORT-OISE,T31_E,E,classe,aves,NA,NA,NA,NA,NA,accotement,petit,2025-08-11,06:53:16,0,1,Tête uniquement
MORT-OISE,T31_E,E,classe,aves,NA,NA,NA,NA,NA,gauche,petit,2025-08-11,07:15:26,0,1,
MORT-OISE,T31_E,E,classe,mammalia,NA,NA,NA,NA,NA,gauche,moyen,2025-08-11,07:24:38,0,1,Micromammifere. 
MORT-GREN,T35,O,ordre,amphibia,anura,NA,NA,NA,NA,milieu,petit,2025-07-30,07:39:56,0,1,
MORT-GREN,T35,O,ordre,amphibia,anura,NA,NA,NA,NA,accotement_gauche,petit,2025-07-30,07:41:41,0,1,
MORT-LIPI,T35,O,espece,amphibia,anura,ranidae,lithobates,lithobates_pipiens,NA,accotement_gauche,petit,2025-07-30,07:42:45,0,1,
MORT-GREN,T35,O,ordre,amphibia,anura,NA,NA,NA,ecrase,accotement_gauche,petit,2025-07-30,07:44:09,0,1,
MORT-CARD,T35,O,espece,aves,passeriformes,cardinalidae,cardinalis,cardinalis_cardinalis,ecrase,accotement_gauche,petit,2025-07-30,07:45:35,0,1,
MORT-GREN,T35,O,ordre,amphibia,anura,NA,NA,NA,ecrase,accotement_gauche,petit,2025-07-30,07:47:36,0,1,
MORT,T35,O,embranchement,NA,NA,NA,NA,NA,NA,accotement_gauche,petit,2025-07-30,07:56:29,0,1,inclus des os
MORT-ÉCUR,T35,O,espece,mammalia,rodentia,sciuridae,sciurus,sciurus_carolinensis,morceaux,accotement_gauche,moyen,2025-07-30,07:59:06,0,1,
MORT-ÉCUR,T35,O,espece,mammalia,rodentia,sciuridae,sciurus,sciurus_carolinensis,NA,accotement_gauche,moyen,2025-07-30,08:01:07,0,1,
MORT-STOC,T35,O,espece,reptilia,squamata,natricidae,storeria,storeria_occipitomaculata,NA,accotement_gauche,petit,2025-07-30,08:04:23,0,1,
MORT-STOC,T35,O,espece,reptilia,squamata,natricidae,storeria,storeria_occipitomaculata,seche,accotement_gauche,petit,2025-07-30,08:06:57,0,1,
MORT-LIPI,T35,O,espece,amphibia,anura,ranidae,lithobates,lithobates_pipiens,NA,accotement_gauche,petit,2025-07-30,08:09:41,0,1,
MORT-GREN,T35,O,ordre,amphibia,anura,NA,NA,NA,ecrase,accotement_gauche,petit,2025-07-30,08:12:09,0,1,
MORT-GREN,T35,O,ordre,amphibia,anura,NA,NA,NA,ecrase,accotement_gauche,petit,2025-07-30,08:13:39,0,1,Couleuvre
MORT-GREN,T35,O,ordre,amphibia,anura,NA,NA,NA,ecrase,accotement_gauche,petit,2025-07-30,08:15:28,0,1,
MORT-GREN,T35,O,ordre,amphibia,anura,NA,NA,NA,ecrase,gauche,petit,2025-07-30,08:17:36,0,1,
MORT-GREN,T35,O,ordre,amphibia,anura,NA,NA,NA,ecrase,accotement_gauche,petit,2025-07-30,08:19:08,0,1,
MORT-COUL,T35,O,famille,reptilia,squamata,natricidae,,NA,seche,gravier_gauche,petit,2025-07-30,08:23:54,0,1,
MORT-SOUR,T35,O,ordre,mammalia,rodentia,NA,NA,NA,NA,droite,petit,2025-07-30,07:02:33,0,1,Souris
MORT-OISE,T35,O,classe,aves,NA,NA,NA,NA,NA,NA,petit,2025-07-30,07:05:25,0,1,Poussin
MORT-GREN,T35,O,ordre,amphibia,anura,NA,NA,NA,ecrase,droite,petit,2025-07-30,07:08:43,0,1,
MORT-GREN,T35,O,ordre,amphibia,anura,NA,NA,NA,ecrase,droite,petit,2025-07-30,07:10:26,0,1,
MORT-GREN,T35,O,ordre,amphibia,anura,NA,NA,NA,ecrase,accotement,petit,2025-07-30,07:12:08,0,1,
MORT-GREN,T35,O,ordre,amphibia,anura,NA,NA,NA,ecrase,accotement,petit,2025-07-30,07:16:22,0,1,
MORT-RATO,T35,O,espece,mammalia,carnivora,procyonidae,procyon,procyon_lotor,morceaux,NA,moyen,2025-07-30,07:18:34,0,1,
MORT-GREN,T35,O,classe,amphibia,anura,NA,NA,NA,NA,accotement,petit,2025-07-30,07:23:34,0,1,
MORT-LIPI,T35,O,espece,amphibia,anura,ranidae,lithobates,lithobates_pipiens,NA,accotement,petit,2025-07-30,07:25:37,0,1,
MORT-LIPI,T35,O,espece,amphibia,anura,ranidae,lithobates,lithobates_pipiens,NA,accotement,petit,2025-07-30,07:27:58,0,1,
MORT-GREN,T35,O,ordre,amphibia,anura,NA,NA,NA,ecrase,accotement,petit,2025-07-30,07:30:12,0,1,
MORCEAU,T35,O,classe,mammalia,NA,NA,NA,NA,NA,gazon,petit,2025-07-30,07:31:08,0,1,Patte de mammifère. p-ê écureuil. Compté dans mortalité.
MORT-LIPI,T35,O,espece,amphibia,anura,ranidae,lithobates,lithobates_pipiens,NA,accotement,petit,2025-07-30,07:32:25,0,1,
MORT-OISE,T35,O,classe,aves,NA,NA,NA,NA,NA,gravier,petit,2025-07-30,08:28:01,0,1,
SQUE,T35,O,embranchement,NA,NA,NA,NA,NA,NA,droite,petit,2025-07-30,08:34:53,0,1,Squelette partiel
MORT-GREN,T35,O,ordre,amphibia,anura,NA,NA,NA,ecrase,droite,petit,2025-07-30,08:34:02,0,1,
MORT-GREN,T35,O,ordre,amphibia,anura,NA,NA,NA,ecrase,accotement,petit,2025-07-30,08:35:54,0,1,
MORT-GREN,T35,O,ordre,amphibia,anura,NA,NA,NA,ecrase,accotement,petit,2025-07-30,08:36:29,0,1,
MORT-LIPI,T35,O,ordre,amphibia,anura,NA,NA,NA,ecrase,accotement,petit,2025-07-30,08:37:15,0,1,
MORT-GREN,T35,O,ordre,amphibia,anura,NA,NA,NA,ecrase,accotement,petit,2025-07-30,08:38:52,0,1,
MORT-GREN,T35,O,ordre,amphibia,anura,NA,NA,NA,ecrase,accotement,petit,2025-07-30,08:39:42,0,1,
MORT-LIPI,T35,O,espece,amphibia,anura,ranidae,lithobates,lithobates_pipiens,NA,accotement,petit,2025-07-30,08:42:28,0,1,
MORT-GREN,T35,O,ordre,amphibia,anura,NA,NA,NA,ecrase,droite,petit,2025-07-30,08:45:53,0,1,
MORT-ÉCUR,T36,O,espece,mammalia,rodentia,sciuridae,sciurus,sciurus_carolinensis,NA,droite,moyen,2025-07-30,05:50:13,0,1,
MORT-GREN,T36,O,ordre,amphibia,anura,NA,NA,NA,ecrase,gauche,petit,2025-07-30,05:56:00,0,1,
MORT,T36,O,embranchement,NA,NA,NA,NA,NA,NA,NA,petit,2025-07-30,06:05:48,0,1,Petite taille
MORT-GREN,T36,O,espece,amphibia,anura,ranidae,lithobates,lithobates_pipiens,NA,gauche,petit,2025-07-30,05:40:54,0,1,dans le stationnement de l'église. sur une bouche d'égout
MORT-LIPI,T36,O,ordre,amphibia,anura,NA,NA,NA,ecrase,gravier,petit,2025-07-30,06:03:45,0,1,
MORT-TORT,T36,O,ordre,reptilia,testudines,NA,NA,NA,morceaux,accotement,petit,2025-07-30,06:15:57,0,1,Tortue. morceaux éparpillés accotement/gravier/gazon.
MORT-COUL,T39_O,O,espece,reptilia,squamata,natricidae,thamnophis,thamnophis_sirtalis,ecrase,accotement,petit,2025-07-21,06:21:58,0,1,
MORT-MICROMAMM-T41,T41_O,O,classe,mammalia,NA,NA,NA,NA,ecrase,accotement,petit,2025-07-18,06:06:26,0,1,Micromammifère. poil gris
MORT-MAMM,T42_O,O,espece,mammalia,carnivora,procyonidae,procyon,procyon_lotor,decompose,droite,moyen,2025-07-18,07:45:12,0,1,
MORT-TORT,T42_O,O,espece,reptilia,testudines,emydidae,chrysemys,chrysemys_picta,morceaux,accotement,petit,2025-07-18,07:38:40,0,1,
morceaux,T42_O,O,classe,mammalia,NA,NA,NA,NA,morceaux,accotement,NA,2025-07-18,07:52:21,0,1,Compté comme une mortalité avec la patte.
MORT-TORT,T42_O,O,ordre,reptilia,testudines,NA,NA,NA,NA,accotement,petit,2025-07-18,07:56:44,0,1,Tortue. Serpentine? à identifier.
morceaux,T42_O,O,classe,mammalia,NA,NA,NA,NA,morceaux,NA,petit,2025-07-18,07:58:05,0,1,Patte de mammifère
MORT-GREN,T42_O,O,ordre,amphibia,anura,NA,NA,NA,NA,NA,petit,2025-07-18,08:23:34,0,1,Stationnement de la pesée de camion. près de la sortie
morceaux,T42_O,O,classe,mammalia,NA,NA,NA,NA,morceaux,accotement,petit,2025-07-18,08:37:30,0,0,Patte de mammifère. compté comme une mortalité avec le morceau précédent
MORT-MAMM,T45_N,N,classe,mammalia,NA,NA,NA,NA,NA,NA,moyen,2025-07-14,09:46:58,0,1,
MORT-OISE,T45_N,N,classe,aves,NA,NA,NA,NA,ecrase,NA,NA,2025-07-14,09:50:37,0,1,
MORT-GREN,T45_N,N,ordre,amphibia,anura,NA,NA,NA,NA,NA,petit,2025-07-14,10:01:21,0,1,
MORT-GREN,T45_N,N,ordre,amphibia,anura,NA,NA,NA,NA,NA,petit,2025-07-14,10:03:20,0,1,
MORT-GREN,T45_N,N,ordre,amphibia,anura,NA,NA,NA,NA,NA,petit,2025-07-14,10:04:51,0,1,
MORT-MAMM,T45_N,N,classe,mammalia,NA,NA,NA,NA,ecrase,NA,moyen,2025-07-14,10:10:17,0,1,Compté dans les mortalités. mais non noté dans le carnet.
MORT-MAMM,T45_N,N,classe,mammalia,NA,NA,NA,NA,NA,NA,moyen,2025-08-13,09:39:11,0,1,
MORT-GREN,T45_N,N,classe,amphibia,anura,NA,NA,NA,NA,NA,petit,2025-08-13,09:56:29,0,1,
MORCEAU,T45_N,N,classe,NA,NA,NA,NA,NA,NA,NA,petit,2025-08-13,09:57:42,0,1,Os de colonne + autre petit os. Compté comme mortalité.
MORT-RATO,T45_N,N,espece,mammalia,carnivora,procyonidae,procyon,procyon_lotor,NA,NA,moyen,2025-08-13,10:03:17,0,1,
MORT-MARM,T45_N,N,espece,mammalia,rodentia,sciuridae,marmota,marmota_monax,ecrase,NA,moyen,2025-08-13,10:04:48,0,1,
MORT-MARM,T45_N,N,espece,mammalia,rodentia,sciuridae,marmota,marmota_monax,ecrase,NA,moyen,2025-08-13,10:05:53,0,1,
MORCEAU,T45_N,N,classe,mammalia,NA,NA,NA,NA,morceaux,accotement,petit,2025-08-13,10:07:52,0,1,Patte de mammifère. Compté comme une mortalité avec l'autre patte.
MORCEAU,T45_N,N,classe,mammalia,NA,NA,NA,NA,morceaux,accotement,petit,2025-08-13,10:10:16,0,0,Patte de mammifère. Compté comme une mortalité avec l'autre patte.
?-T48,T48_E,E,embranchement,NA,NA,NA,NA,NA,NA,NA,NA,2025-07-17,09:04:21,0,1,
MORT-RONGEUR-T48,T48_E,E,classe,mammalia,NA,NA,NA,NA,NA,NA,petit,2025-07-17,09:15:01,0,1,Micromammifère. de type souris
MORT-MICROMAMM-T48,T48_E,E,classe,mammalia,NA,NA,NA,NA,NA,NA,petit,2025-07-17,09:19:05,0,1,Micromammifère
MORT-THSI-T49,T49,E,espece,reptilia,squamata,natricidae,thamnophis,thamnophis_sirtalis,NA,droite,petit,2025-07-28,07:53:46,0,1,
MORT-HERP,T49,E,embranchement,NA,NA,NA,NA,NA,seche,NA,petit,2025-07-28,08:23:22,0,1,Herpétofaune
MORCEAU,T49,E,embranchement,NA,NA,NA,NA,NA,morceaux,NA,petit,2025-07-28,08:34:28,0,0,Os plat. peut-être appartenant à une des tortues.
MORCEAU,T49,E,embranchement,NA,NA,NA,NA,NA,morceaux,NA,petit,2025-07-28,08:41:19,0,0,Petit os non identifié. Peut-être appartenant à une des tortues.
MORCEAUX,T49,E,ordre,reptilia,testudines,NA,NA,NA,morceaux,NA,petit,2025-07-28,08:43:58,0,1,Tortue. En morceaux. Ambigu s'il s'agit de deux ou un individu.
MORCEAUX,T49,E,ordre,reptilia,testudines,NA,NA,NA,morceaux,gravier_gauche,petit,2025-07-28,08:47:44,0,1,Tortue.Plusieurs morceaux éparpillés ont été retrouvés (plusieurs points GPS à cette date appelés « morceaux »).  Ambigu s'il s'agit de deux ou un individu.
MORT-RATON,T52_E,O,espece,mammalia,carnivora,procyonidae,procyon,procyon_lotor,NA,droite,moyen,2025-08-04,07:54:55,0,1,Carcasse dans la direction opposée
MORT-MAMM,T52_E,O,espece,mammalia,carnivora,procyonidae,procyon,procyon_lotor,NA,accotement,moyen,2025-08-04,08:15:56,0,1,Carcasse dans la direction opposée
MORT-MAMM,T52_O,O,classe,mammalia,NA,NA,NA,NA,ecrase,droite,moyen,2025-08-04,08:06:41,0,1,dans la sortie d'autoroute
MORT-MAMM,T52_O,O,famille,mammalia,carnivora,mustelidae,NA,NA,ecrase,accotement,moyen,2025-08-04,08:26:32,0,1,
MORT-MOUF,T52_O,O,espece,mammalia,carnivora,mephitidae,mephitis,mephitis_mephitis,recent,accotement,moyen,2025-08-04,08:46:22,0,1,
MORT-OISE,T52_O,O,ordre,aves,passeriformes,NA,NA,NA,recent,accotement,petit,2025-08-04,08:47:21,0,1,Jaune; chardonneret ou paruline.
MORT-LICL,T59,O,espece,amphibia,anura,ranidae,lithobates,lithobates_clamitans,NA,NA,petit,2025-07-14,06:06:30,0,1,
MORT-GREN,T59,O,ordre,amphibia,anura,NA,NA,NA,NA,NA,petit,2025-07-14,06:09:46,0,1,
Mg57,T59,O,ordre,amphibia,anura,NA,NA,NA,NA,NA,petit,2025-07-14,06:12:16,0,1,
Mlipi,T59,O,espece,amphibia,anura,ranidae,lithobates,lithobates_pipiens,NA,NA,petit,2025-07-14,06:12:39,0,1,
Mg57,T59,O,ordre,amphibia,anura,NA,NA,NA,NA,NA,petit,2025-07-14,06:14:18,0,1,
Mg57,T59,O,ordre,amphibia,anura,NA,NA,NA,NA,NA,petit,2025-07-14,06:16:19,0,1,
Mg57,T59,O,ordre,amphibia,anura,NA,NA,NA,NA,NA,petit,2025-07-14,06:17:39,0,1,
Mg57,T59,O,ordre,amphibia,anura,NA,NA,NA,NA,NA,petit,2025-07-14,06:19:18,0,1,
Mg57,T59,O,ordre,amphibia,anura,NA,NA,NA,NA,NA,petit,2025-07-14,06:21:12,0,1,
Moise,T59,O,classe,aves,NA,NA,NA,NA,NA,NA,petit,2025-07-14,06:22:27,0,1,
Mserp,T59,O,espece,reptilia,testudines,chelydridae,chelydra,chelydra_serpentina,NA,gravier,petit,2025-07-14,06:24:15,0,1,Juvenile ou jeune. de petite taille
Mg57,T59,O,ordre,amphibia,anura,NA,NA,NA,NA,NA,petit,2025-07-14,06:28:36,0,1,
Mg57,T59,O,ordre,amphibia,anura,NA,NA,NA,NA,NA,petit,2025-07-14,06:30:08,0,1,
Mg57,T59,O,ordre,amphibia,anura,NA,NA,NA,NA,NA,petit,2025-07-14,06:31:27,0,1,
Mlipi,T59,O,espece,amphibia,anura,ranidae,lithobates,lithobates_pipiens,NA,NA,petit,2025-07-14,06:32:25,0,1,
Mg57,T59,O,ordre,amphibia,anura,NA,NA,NA,NA,NA,petit,2025-07-14,06:35:04,0,1,
Mg57,T59,O,ordre,amphibia,anura,NA,NA,NA,NA,NA,petit,2025-07-14,06:37:26,0,1,
Mg57,T59,O,ordre,amphibia,anura,NA,NA,NA,NA,NA,petit,2025-07-14,06:42:10,0,1,
Mg57,T59,O,ordre,amphibia,anura,NA,NA,NA,NA,NA,petit,2025-07-14,06:43:24,0,1,
Moise,T59,O,ordre,amphibia,anura,NA,NA,NA,NA,NA,petit,2025-07-14,06:45:10,0,1,
Mg57,T59,O,ordre,amphibia,anura,NA,NA,NA,NA,NA,petit,2025-07-14,06:46:41,0,1,
Mg57,T59,O,ordre,amphibia,anura,NA,NA,NA,NA,NA,petit,2025-07-14,06:48:21,0,1,
Moise,T59,O,ordre,amphibia,anura,NA,NA,NA,NA,NA,petit,2025-07-14,06:50:42,0,1,
Mg57,T59,O,ordre,amphibia,anura,NA,NA,NA,NA,NA,petit,2025-07-14,06:55:03,0,1,
Mg57,T59,O,ordre,amphibia,anura,NA,NA,NA,NA,NA,petit,2025-07-14,06:56:02,0,1,
Mg57,T59,O,ordre,amphibia,anura,NA,NA,NA,NA,NA,petit,2025-07-14,06:58:23,0,1,
Moi7,T59,O,ordre,amphibia,anura,NA,NA,NA,NA,NA,petit,2025-07-14,07:01:55,0,1,
Mg57,T59,O,ordre,amphibia,anura,NA,NA,NA,NA,NA,petit,2025-07-14,07:07:10,0,1,
Moi7,T59,O,ordre,amphibia,anura,NA,NA,NA,NA,NA,petit,2025-07-14,07:09:13,0,1,
Moi7,T59,O,ordre,amphibia,anura,NA,NA,NA,NA,NA,petit,2025-07-14,07:10:03,0,1,
Mg57,T59,O,ordre,amphibia,anura,NA,NA,NA,NA,NA,petit,2025-07-14,07:11:31,0,1,
Mg57,T59,O,ordre,amphibia,anura,NA,NA,NA,NA,NA,petit,2025-07-14,07:15:43,0,1,
Mg57,T59,O,ordre,amphibia,anura,NA,NA,NA,NA,NA,petit,2025-07-14,07:16:09,0,1,
Mg57,T59,O,ordre,amphibia,anura,NA,NA,NA,NA,NA,petit,2025-07-14,07:17:28,0,1,
Mg57,T59,O,ordre,amphibia,anura,NA,NA,NA,NA,NA,petit,2025-07-14,07:20:00,0,1,
Mg57,T59,O,ordre,amphibia,anura,NA,NA,NA,NA,NA,petit,2025-07-14,07:20:26,0,1,
Moi7,T59,O,classe,aves,NA,NA,NA,NA,NA,NA,petit,2025-07-14,07:21:00,0,1,
Mlipi,T59,O,espece,amphibia,anura,ranidae,lithobates,lithobates_pipiens,NA,NA,petit,2025-07-14,07:21:56,0,1,
Mg57,T59,O,ordre,amphibia,anura,NA,NA,NA,NA,NA,petit,2025-07-14,07:22:30,0,1,
Mg57,T59,O,ordre,amphibia,anura,NA,NA,NA,NA,NA,petit,2025-07-14,07:23:50,0,1,
Mchar,T59,O,espece,aves,passeriformes,fringillidae,spinus,spinus_tristis,NA,NA,petit,2025-07-14,07:24:41,0,1,
Moi7,T59,O,classe,aves,NA,NA,NA,NA,NA,NA,moyen,2025-07-14,07:25:11,0,1,
Mg57,T59,O,ordre,amphibia,anura,NA,NA,NA,NA,NA,petit,2025-07-14,07:25:31,0,1,
Mg57,T59,O,ordre,amphibia,anura,NA,NA,NA,NA,NA,petit,2025-07-14,07:26:55,0,1,
Mmam,T59,O,espece,mammalia,rodentia,sciuridae,marmota,marmota_monax,NA,NA,moyen,2025-07-14,07:27:33,0,1,
Moi7,T59,O,classe,aves,NA,NA,NA,NA,NA,NA,petit,2025-07-14,07:28:36,0,1,tête
Mg57,T59,O,ordre,amphibia,anura,NA,NA,NA,NA,NA,petit,2025-07-14,07:30:16,0,1,
Mmeta,T59,O,ordre,amphibia,anura,NA,NA,NA,NA,NA,petit,2025-07-14,07:30:37,0,1,
Mg57,T59,O,ordre,amphibia,anura,NA,NA,NA,NA,NA,petit,2025-07-14,07:30:59,0,1,
Mg57,T59,O,ordre,amphibia,anura,NA,NA,NA,NA,NA,petit,2025-07-14,07:31:39,0,1,
MORT-GREN,T59,O,ordre,amphibia,anura,NA,NA,NA,NA,accotement,petit,2025-08-13,05:54:24,0,1,
MORT-GREN,T59,O,ordre,amphibia,anura,NA,NA,NA,ecrase,droite,petit,2025-08-13,05:59:27,0,1,
MORT-GREN,T59,O,ordre,amphibia,anura,NA,NA,NA,ecrase,droite,petit,2025-08-13,06:09:08,0,1,
MORT-GREN,T59,O,ordre,amphibia,anura,NA,NA,NA,ecrase,droite,petit,2025-08-13,06:11:26,0,1,
MORT-GREN,T59,O,ordre,amphibia,anura,NA,NA,NA,ecrase,droite,petit,2025-08-13,06:12:59,0,1,
MORT-GREN,T59,O,ordre,amphibia,anura,NA,NA,NA,NA,milieu,petit,2025-08-13,06:16:33,0,1,
MORT-GREN,T59,O,ordre,amphibia,anura,NA,NA,NA,ecrase,gauche,petit,2025-08-13,06:17:22,0,1,
MORT-GREN,T59,O,ordre,amphibia,anura,NA,NA,NA,ecrase,gauche,petit,2025-08-13,06:28:03,0,1,
MORT-GREN,T59,O,ordre,amphibia,anura,NA,NA,NA,ecrase,accotement_gauche,petit,2025-08-13,06:29:32,0,1,
MORT-GREN,T59,O,ordre,amphibia,anura,NA,NA,NA,ecrase,gauche,petit,2025-08-13,06:31:10,0,1,
MORT-LIPI,T59,O,espece,amphibia,anura,ranidae,lithobates,lithobates_pipiens,ecrase,gauche,petit,2025-08-13,06:32:08,0,1,
MORT-GREN,T59,O,ordre,amphibia,anura,NA,NA,NA,ecrase,gauche,petit,2025-08-13,06:34:26,0,1,
MORT-GREN,T59,O,ordre,amphibia,anura,NA,NA,NA,ecrase,gauche,petit,2025-08-13,06:36:05,0,1,
MORT-GREN,T59,O,ordre,amphibia,anura,NA,NA,NA,ecrase,gauche,petit,2025-08-13,06:37:08,0,1,
MORT-GREN,T59,O,ordre,amphibia,anura,NA,NA,NA,ecrase,gauche,petit,2025-08-13,06:38:10,0,1,
MORT-GREN,T59,O,ordre,amphibia,anura,NA,NA,NA,ecrase,gauche,petit,2025-08-13,06:39:31,0,1,
NA,T59,O,ordre,amphibia,anura,NA,NA,NA,ecrase,gauche,petit,2025-08-13,06:39:31,0,1,Le point GPS précédent englobe deux mortalité différente situées côte-à-côte.
MORT-GREN,T59,O,ordre,amphibia,anura,NA,NA,NA,NA,accotement_gauche,petit,2025-08-13,06:40:37,0,1,
MORT-GREN,T59,O,ordre,amphibia,anura,NA,NA,NA,morceaux,accotement_gauche,petit,2025-08-13,06:42:28,0,1,
MORT-LIPI,T59,O,espece,amphibia,anura,ranidae,lithobates,lithobates_pipiens,NA,accotement_gauche,petit,2025-08-13,06:44:19,0,1,
MORT-GREN,T59,O,ordre,amphibia,anura,NA,NA,NA,NA,accotement_gauche,petit,2025-08-13,06:45:18,0,1,
MORT-GREN,T59,O,ordre,amphibia,anura,NA,NA,NA,NA,accotement_gauche,petit,2025-08-13,06:46:31,0,1,
MORT-GREN,T59,O,ordre,amphibia,anura,NA,NA,NA,ecrase,gauche,petit,2025-08-13,06:47:51,0,1,
MORT-GREN,T59,O,ordre,amphibia,anura,NA,NA,NA,ecrase,gauche,petit,2025-08-13,06:49:03,0,1,
MORT-GREN,T59,O,ordre,amphibia,anura,NA,NA,NA,NA,accotement_gauche,petit,2025-08-13,06:50:02,0,1,
MORT-GREN,T59,O,ordre,amphibia,anura,NA,NA,NA,ecrase,gauche,petit,2025-08-13,06:51:19,0,1,
MORT-LIPI,T59,O,espece,amphibia,anura,ranidae,lithobates,lithobates_pipiens,ecrase,accotement_gauche,petit,2025-08-13,06:52:27,0,1,
MORT-GREN,T59,O,ordre,amphibia,anura,NA,NA,NA,ecrase,gauche,petit,2025-08-13,06:54:54,0,1,
MORT-GREN,T59,O,ordre,amphibia,anura,NA,NA,NA,ecrase,gauche,petit,2025-08-13,06:56:22,0,1,
MORT-OISE,T59,O,classe,aves,NA,NA,NA,NA,NA,gravier_gauche,moyen,2025-08-13,06:59:22,0,1,
MORT-GREN,T59,O,ordre,amphibia,anura,NA,NA,NA,NA,accotement_gauche,petit,2025-08-13,07:00:07,0,1,
MORT-MICROMAMM,T59,O,classe,mammalia,NA,NA,NA,NA,ecrase,gauche,petit,2025-08-13,07:01:48,0,1,micromammifere
MORT-MAMM,T59,O,classe,mammalia,NA,NA,NA,NA,NA,gravier_gauche,moyen,2025-08-13,07:03:27,0,1,morceaau avec entrailles ressorties
MORT-morceaux-MAMM-T61,T61_N,N,classe,mammalia,NA,NA,NA,NA,morceaux,NA,moyen,2025-07-01,08:59:24,0,1,Probablement passé dans la tondeuse
NA,T65_N,N,ordre,amphibia,anura,NA,NA,NA,NA,NA,petit,2025-07-01,06:52:31,0,1,Probablement LICL. Point Qfield
NA,T65_N,N,espece,mammalia,carnivora,procyonidae,procyon,procyon_lotor,NA,NA,moyen,2025-07-01,07:20:40,0,1,Point Qfield
