date,troncon,sens,inventaire_id,passage_num,distance,vitesse,technique,heure_debut,heure_fin,temp_air,couv_nuage,vent,initiales,nom_fichier
2025-06-09,T01_E,E,T01_E20250609pied,1,1,1.3,pied,7:26,8:15,NA,NA,NA,EM_CM,NA
2025-06-02,T25_E,E,T25_E20250602gopro,1,1,60,gopro,6:05,6:06,NA,NA,NA,EM_CM,GX010091_20250602_0605_T25_A30E
2025-06-02,T25_O,O,T25_O20250602gopro,1,1,60,gopro,6:17,6:18,NA,NA,NA,EM_CM,GX010092_20250602_0617_T25_A30O
2025-06-02,T26_E,E,T26_E20250602gopro,1,1,60,gopro,5:30,5:31,11,0,NA,EM_CM,GX010087_20250602_0530_T26_A20E
2025-06-02,T26_O,O,T26_O20250602gopro,1,1,60,gopro,5:48,5:49,NA,NA,NA,EM_CM,GX010089_20250602_0548_T26_A20O
2025-06-03,T02,S,T0220250603pied,1,1,1.5,pied,6:00,6:40,10,0,NA,EM_CM,NA
2025-06-02,T48_O,O,T48_O20250602gopro,1,1,60,gopro,6:25,6:26,NA,NA,NA,EM_CM,GX010093_20250602_0625_T48_A30O
2025-06-02,T48_E,E,T48_E20250602gopro,1,1,60,gopro,5:57,5:58,NA,NA,NA,EM_CM,GX010090_20250602_0557_T48_A30E
2025-06-03,T02,S,T0220250603gopro,1,1,60,gopro,6:55,6:56,NA,NA,NA,EM_CM,GX010095_20250603_0655_T02_R229S
2025-06-03,T02,N,T0220250603gopro,1,1,60,gopro,6:50,6:51,NA,NA,NA,EM_CM,GX010094_20250603_0650_T02_R229N
2025-07-22,T02,S,T0220250722pied,2,2,2.4,pied,5:36,6:23,NA,NA,NA,EM_CM,NA
2025-08-12,T03_E,E,T03_E20250812pied,1,1,1.5,pied,6:41,7:24,NA,NA,NA,EM_CM,NA
2025-06-03,T14_O,O,T14_O20250603gopro,1,1,60,gopro,7:49,7:50,NA,NA,NA,EM_CM,GX010099_20250603_0749_T14_R112O
2025-06-03,T14_E,E,T14_E20250603gopro,1,1,60,gopro,7:36,7:37,NA,NA,NA,EM_CM,GX010096_20250603_0736_T14_R112E
2025-06-03,T39_O,NA,T39_O20250603drone,1,0.5,7.2,drone,8:07,8:11,NA,NA,NA,EM_CM,DJI_202506030802_004_T39
2025-06-03,T39_E,E,T39_E20250603gopro,1,1,60,gopro,7:42,7:43,NA,NA,NA,EM_CM,GX010097_20250603_0742_T39_R112E
2025-06-03,T39_O,O,T39_O20250603gopro,1,1,60,gopro,7:44,7:45,NA,NA,NA,EM_CM,GX010098_20250603_0744_T39_R112O
2025-06-03,T41_O,O,T41_O20250603gopro,1,1,60,gopro,9:39,9:40,NA,NA,NA,EM_CM,NA
2025-06-03,T42_O,O,T42_O20250603gopro,1,1,60,gopro,9:37,9:38,NA,NA,NA,EM_CM,NA
2025-07-07,T09_O,E,T09_O20250707pied,1,1,0.8,pied,7:28,8:42,NA,NA,NA,EM_CM,NA
2025-06-09,T01_O,O,T01_O20250609gopro,1,1,60,gopro,6:29,6:30,NA,NA,NA,EM_CM,GX010107_20250609_0629_T01_A30O
2025-06-09,T01_E,E,T01_E20250609gopro,1,1,60,gopro,6:17,6:18,NA,NA,NA,EM_CM,GX010104_20250609_0617_T01_A30E
2025-08-12,T09_O,E,T09_O20250812pied,2,1,1,pied,5:10,6:13,22,0,NA,EM_CM,NA
2025-06-09,T28,N,T2820250609gopro,1,1,60,gopro,6:10,6:11,20,50,NA,EM_CM,GX010103_20250609_0610_T28_R205N
2025-06-09,T28,S,T2820250609gopro,1,1,60,gopro,6:08,6:09,NA,NA,NA,EM_CM,GX010102_20250609_0608_T28_R205S
2025-07-21,T14_E,E,T14_E20250721pied,2,1,1.1,pied,7:17,8:08,NA,NA,NA,EM_CM,NA
2025-06-09,T62_E,E,T62_E20250609gopro,1,1,60,gopro,6:21,6:22,NA,NA,NA,EM_CM,GX010105_20250609_0621_T62_A30E
2025-06-09,T62_O,O,T62_O20250609gopro,1,1,60,gopro,6:25,6:26,NA,NA,NA,EM_CM,GX010106_20250609_0625_T62_A30O
2025-06-10,T52_E,E,T52_E20250610gopro,1,1,60,gopro,7:35,7:36,NA,NA,NA,EM_CM,GX010110_20250610_0735_T52_A30E
2025-06-10,T52_O,O,T52_O20250610gopro,1,1,60,gopro,7:39,7:40,NA,NA,NA,EM_CM,GX010111_20250610_0739_T52_A30O
2025-06-03,T14_O,O,T14_O20250603pied,1,1,2.1,pied,8:32,9:00,NA,NA,NA,EM_CM,NA
2025-06-10,T53_O,O,T53_O20250610gopro,1,1,60,gopro,7:26,7:27,NA,NA,NA,EM_CM,GX010108_20250610_0726_T53_A30O
2025-06-10,T53_E,E,T53_E20250610gopro,1,1,60,gopro,7:30,7:31,NA,NA,NA,EM_CM,GX010109_20250610_0730_T53_A30E
2025-07-08,T15_O,O,T15_O20250708pied,1,1,0.7,pied,5:36,7:00,NA,NA,NA,EM_CM,NA
2025-06-16,T20_O,NA,T20_O20250616drone,1,0.5,7.2,drone,6:37,6:41,11,0,13,EM_CM,DJI_202506160649_006_T-20
2025-06-16,T20_E,E,T20_E20250616gopro,1,1,60,gopro,5:53,5:54,NA,NA,NA,EM_CM,GX010113_20250616_0553_T20_A40E
2025-06-16,T20_O,O,T20_O20250616gopro,1,1,60,gopro,6:08,6:09,NA,NA,NA,EM_CM,GX010114_20250616_0608_T20_A40O
2025-06-16,T57_E,NA,T57_E20250616drone,1,0.5,7.2,drone,8:50,8:54,NA,NA,NA,EM_CM,
2025-06-16,T57_O,O,T57_O20250616gopro,1,1,60,gopro,7:48,7:49,NA,NA,NA,EM_CM,GX010115_20250616_0748_T57_A640O
2025-06-16,T57_E,E,T57_E20250616gopro,1,1,60,gopro,7:58,7:59,NA,NA,NA,EM_CM,GX010116_20250616_0758_T57_A640E
2025-06-25,T35,NA,T3520250625drone,1,0.5,7.2,drone,7:33,8:00,23,75,6,EM_CM,DJI_202506250736_022_T35
2025-06-25,T35,O,T3520250625gopro,1,1,60,gopro,7:24,7:25,NA,NA,NA,EM_CM,GX010122_20250625_0724T35_R344O
2025-06-25,T35,E,T3520250625gopro,1,1,60,gopro,7:20,7:21,NA,NA,NA,EM_CM,GX010121_20250625_0720_T35_R344E
2025-06-25,T36,NA,T3620250625drone,1,0.5,7.2,drone,6:30,6:59,NA,NA,4,EM_CM,DJI_202506250651_021_T36vrai
2025-06-25,T36,E,T3620250625gopro,1,1,60,gopro,6:18,6:19,21,15,NA,EM_CM,GX010119_20250625_0618_T36_R344E
2025-06-25,T36,O,T3620250625gopro,1,1,60,gopro,6:21,6:22,NA,NA,NA,EM_CM,GX010120_20250625_0621_T36_R344O
2025-08-12,T15_O,O,T15_O20250812pied,2,1,1.3,pied,7:45,8:30,NA,NA,NA,EM_CM,NA
2025-07-01,T61_S,S,T61_S20250701gopro,1,1,60,gopro,8:02,8:03,NA,NA,NA,EM_CM,GX010126_20250701_0802_T61_A15S
2025-07-01,T61_N,N,T61_N20250701gopro,1,1,60,gopro,7:58,7:59,NA,NA,NA,EM_CM,GX010125_20250701_0759_T61_A15N
2025-07-14,T22_E,E,T22_E20250714pied,1,1,0.8,pied,7:58,9:13,NA,NA,NA,EM_CM,NA
2025-07-01,T65_S,S,T65_S20250701gopro,1,1,60,gopro,6:33,6:34,22,100,NA,EM_CM,GX010124_20250701_0633_T65_A15S
2025-07-01,T65_N,N,T65_N20250701gopro,1,1,60,gopro,6:15,6:16,NA,NA,NA,EM_CM,GX010123_20250701_0615_T65_A15N
2025-07-02,T41_O,O,T41_O20250702gopro,1,1,60,gopro,7:14,7:15,NA,NA,NA,EM_CM,GX010131_20250702_0714_T41_A10O
2025-07-02,T41_E,E,T41_E20250702gopro,1,1,60,gopro,7:59,8:00,NA,NA,NA,EM_CM,GX010132_20250702_0759_T41_A10E
2025-07-02,T41_O,NA,T41_O20250702drone,1,0.5,7.2,drone,7:34,7:45,NA,NA,22,EM_CM,DJI_202507020729_024_Mortalite-A10-SE-1
2025-07-02,T42_O,O,T42_O20250702gopro,1,1,60,gopro,7:12,7:13,NA,NA,NA,EM_CM,GX010130_20250702_0712_T42_A10O
2025-07-02,T42_E,E,T42_E20250702gopro,1,1,60,gopro,7:00,7:01,NA,NA,NA,EM_CM,GX010129_20250702_0700_T42_A10E
2025-07-02,T42_O,NA,T42_O20250702drone,1,0.5,7.2,drone,6:24,6:28,20,2,18,EM_CM,DJI_202507020633_023_Mortalite-A10-NE-3
2025-07-07,T03_E,NA,T03_E20250707drone,1,0.5,7.2,drone,6:43,6:47,NA,NA,15,EM_CM,DJI_202507070630_025_T03
2025-07-07,T03_E,E,T03_E20250707gopro,1,1,60,gopro,6:05,6:06,19,100,NA,EM_CM,GX010134_20250707_0605_T03_A40E
2025-07-07,T03_O,O,T03_O20250707gopro,1,1,60,gopro,6:10,6:11,NA,NA,NA,EM_CM,GX010135_20250707_0610_T03_A40O
2025-08-13,T22_E,E,T22_E20250813pied,2,1,0.8,pied,7:37,8:54,NA,NA,NA,EM_CM,NA
2025-07-07,T09_E,E,T09_E20250707gopro,1,1,60,gopro,7:14,7:15,NA,NA,NA,EM_CM,GX010136_20250707_0714_T09_A20E
2025-07-07,T09_O,O,T09_O20250707gopro,1,1,60,gopro,7:21,7:22,NA,NA,NA,EM_CM,GX010137_20250707_0721_T09_A20O
2025-06-02,T25_E,E,T25_E20250602pied,1,1,1.3,pied,7:53,8:40,NA,NA,NA,EM_CM,NA
2025-07-08,T15_O,O,T15_O20250708gopro,1,1,60,gopro,5:26,5:27,16,,NA,EM_CM,GX010138_20250708_0526_T15_A40O
2025-07-08,T15_E,E,T15_E20250708gopro,1,1,60,gopro,5:31,5:32,NA,NA,NA,EM_CM,GX010139_20250708_0531_T15_A40E
2025-07-08,T30_S,NA,T30_S20250708drone,1,0.5,7.2,drone,7:44,7:49,17,,4,EM_CM,NA
2025-07-08,T30_S,S,T30_S20250708gopro,1,1,60,gopro,7:13,7:14,NA,NA,NA,EM_CM,GX010140_20250708_0713_T30_A30E
2025-07-08,T30_N,N,T30_N20250708gopro,1,1,60,gopro,7:24,7:25,NA,NA,NA,EM_CM,GX010141_20250708_0724_T30_A30O
2025-07-08,T31_E,NA,T31_E20250708drone,1,0.5,7.2,drone,8:42,8:46,19,50,2,EM_CM,DJI_202507080829_027_T31
2025-07-08,T31_O,O,T31_O20250708gopro,1,1,60,gopro,8:08,8:09,NA,NA,NA,EM_CM,GX010142_20250708_0808_T31_A20O
2025-07-08,T31_E,E,T31_E20250708gopro,1,1,60,gopro,8:11,8:12,NA,NA,NA,EM_CM,GX010143_20250708_0811_T31_A20E
2025-07-14,T22_O,O,T22_O20250714gopro,1,1,60,gopro,9:22,9:23,NA,NA,NA,EM_CM,GX010146_20250714_0922_T22_R158O
2025-07-14,T22_E,E,T22_E20250714gopro,1,1,60,gopro,9:25,9:26,NA,NA,NA,EM_CM,GX010147_20250714_0925_T22_R158E
2025-06-02,T26_O,O,T26_O20250602pied,1,1,2,pied,6:30,7:00,NA,NA,NA,EM_CM,NA
2025-07-14,T45_S,S,T45_S20250714gopro,1,1,60,gopro,10:38,10:39,NA,NA,NA,EM_CM,GX010148_20250714_1038_T45_A15S
2025-07-14,T45_N,N,T45_N20250714gopro,1,1,60,gopro,10:41,10:42,NA,NA,NA,EM_CM,GX010149_20250714_1041_T45_A15N
2025-07-17,T26_O,O,T26_O20250717pied,2,1,1.1,pied,6:30,7:20,24,80,NA,EM_CM,NA
2025-07-14,T59,O,T5920250714gopro,1,1,60,gopro,7:50,7:51,NA,NA,NA,EM_CM,GX010144_20250714_0750_T59_R158O
2025-07-14,T59,E,T5920250714gopro,1,1,60,gopro,7:54,7:55,NA,NA,NA,EM_CM,GX010145_20250714_0754_T59_R158E
2025-06-09,T28,S,T2820250609pied,1,1,1.3,pied,6:35,7:18,NA,NA,NA,EM_CM,NA
2025-08-11,T30_S,S,T30_S20250811pied,1,1,0.9,pied,7:59,9:07,NA,NA,NA,EM_CM,NA
2025-07-15,T40_E,NA,T40_E20250715drone,1,0.5,7.2,drone,7:22,7:26,NA,NA,NA,EM_CM,DJI_202507150719_032_T40
2025-07-15,T40_O,O,T40_O20250715gopro,1,1,60,gopro,5:27,5:28,NA,NA,NA,EM_CM,GX010151_20250715_0527_T40_A30O
2025-07-15,T40_E,E,T40_E20250715gopro,1,1,60,gopro,5:32,5:33,NA,NA,NA,EM_CM,GX010152_20250715_0532_T40_A30E
2025-07-15,T47_E,NA,T47_E20250715drone,1,0.5,7.2,drone,6:38,6:42,NA,NA,NA,EM_CM,DJI_202507150636_029_T47 et DJI_202507150636_030
2025-07-15,T47_O,O,T47_O20250715gopro,1,1,60,gopro,5:25,5:26,NA,NA,NA,EM_CM,GX010150_20250715_0525_T47_A30O
2025-07-15,T47_E,E,T47_E20250715gopro,1,1,60,gopro,5:34,5:35,NA,NA,NA,EM_CM,GX010153_20250715_0534_T47_A30E
2025-07-15,T49,NA,T4920250715drone,1,0.4,7.2,drone,6:01,6:05,20,0,15,EM_CM,DJI_202507150550_028_T49
2025-07-15,T49,E,T4920250715gopro,1,1,60,gopro,5:36,5:37,NA,NA,NA,EM_CM,GX010154_20250715_0536_T49_R104E
2025-07-15,T49,O,T4920250715gopro,1,1,60,gopro,5:39,5:40,NA,NA,NA,EM_CM,GX010155_20250715_0539_T49_R104O
2025-07-17,T26_E,E,T26_E20250717gopro,2,1,60,gopro,8:05,8:06,NA,NA,NA,EM_CM,GX010156_20250717_0805_T26_A20E
2025-07-17,T26_O,O,T26_O20250717gopro,2,1,60,gopro,8:10,8:11,NA,NA,NA,EM_CM,GX010157_20250717_0810_T26_A20O
2025-08-11,T31_E,E,T31_E20250811pied,1,1,1,pied,6:35,7:37,22,0,NA,EM_CM,NA
2025-07-17,T48_E,E,T48_E20250717gopro,2,1,60,gopro,8:16,8:17,NA,NA,NA,EM_CM,GX010158_20250717_0816_T48_A30E
2025-07-17,T48_O,O,T48_O20250717gopro,2,1,60,gopro,8:33,8:34,NA,NA,NA,EM_CM,GX010159_20250717_0833_T48_A30O
2025-07-30,T35,O,T3520250730pied,1,2,1,pied,6:58,8:50,NA,NA,NA,EM_CM,NA
2025-07-18,T41_E,E,T41_E20250718gopro,2,1,60,gopro,5:21,5:22,15,5,NA,EM_CM,GX010161_20250718_0521_T41_A10E
2025-07-18,T41_O,O,T41_O20250718gopro,2,1,60,gopro,5:35,5:36,NA,NA,NA,EM_CM,GX010164_20250718_0535_T41_A10O
2025-07-30,T36,O,T3620250730pied,1,2,1,pied,5:28,6:30,NA,NA,NA,EM_CM,NA
2025-07-18,T42_E,E,T42_E20250718gopro,2,1,60,gopro,5:23,5:24,NA,NA,NA,EM_CM,GX010162_20250718_0523_T42_A10E
2025-07-18,T42_O,O,T42_O20250718gopro,2,1,60,gopro,5:33,5:34,NA,NA,NA,EM_CM,GX010163_20250718_0533_T42_A10O
2025-07-21,T14_E,E,T14_E20250721gopro,2,1,50,gopro,8:13,8:14,NA,NA,NA,EM_CM,GX010167_20250721_0813_T14_R112E
2025-07-21,T14_O,O,T14_O20250721gopro,2,1,60,gopro,8:16,8:17,NA,NA,NA,EM_CM,GX010168_20250721_0816_T14_R112O
2025-07-21,T39_E,E,T39_E20250721gopro,2,1,60,gopro,7:04,7:05,NA,NA,NA,EM_CM,GX010165_20250721_0704_T39_R112E
2025-07-21,T39_O,O,T39_O20250721gopro,2,1,60,gopro,7:06,7:07,NA,NA,NA,EM_CM,GX010166_20250721_0706_T39_R112O
2025-07-21,T39_O,E,T39_O20250721pied,1,1,1.1,pied,6:04,6:59,16,0,NA,EM_CM,NA
2025-07-18,T41_O,O,T41_O20250718pied,1,0.9,0.7,pied,5:46,7:10,NA,NA,NA,EM_CM,NA
2025-07-18,T42_O,O,T42_O20250718pied,1,1,0.7,pied,7:28,9:00,NA,NA,NA,EM_CM,NA
2025-07-22,T02,N,T0220250722gopro,2,1,50,gopro,5:23,5:24,14,0,NA,EM_CM,GX010169_20250722_0523_T02_R229N
2025-07-22,T02,S,T0220250722gopro,2,1,50,gopro,5:28,5:29,NA,NA,NA,EM_CM,GX010172_20250722_0528_T02_R229S
2025-07-22,T25_E,NA,T25_E20250722drone,1,0.5,7.2,drone,7:02,7:09,NA,NA,NA,EM_CM,DJI_202507220648_033_T25vrai
2025-07-22,T25_E,E,T25_E20250722gopro,2,1,60,gopro,6:33,6:34,NA,NA,NA,EM_CM,GX010173_20250722_0633_T25_A30E
2025-07-22,T25_O,O,T25_O20250722gopro,2,1,60,gopro,6:36,6:37,NA,NA,NA,EM_CM,GX010174_20250722_0636_T25_A30O_
2025-07-28,T40_E,NA,T40_E20250728drone,2,0.5,7.2,drone,7:21,7:25,NA,NA,NA,EM_CM,DJI_202507280717_036_T40
2025-07-28,T40_O,O,T40_O20250728gopro,2,1,60,gopro,6:22,6:23,NA,NA,NA,EM_CM,GX010176_20250728_0622_T40_A30O
2025-07-28,T40_E,E,T40_E20250728gopro,2,1,60,gopro,6:27,6:28,NA,NA,NA,EM_CM,GX010177_20250728_0627_T40_A30E
2025-07-28,T47_E,NA,T47_E20250728drone,2,0.5,7.2,drone,6:52,6:56,NA,NA,NA,EM_CM,DJI_202507280647_034_T47 et DJI_202507280647_035
2025-07-28,T47_O,O,T47_O20250728gopro,2,1,60,gopro,6:20,6:21,24,100,NA,EM_CM,GX010175_20250728_0620_T47_A30O
2025-07-28,T47_E,E,T47_E20250728gopro,2,1,60,gopro,6:28,6:29,NA,NA,NA,EM_CM,GX010178_20250728_0628_T47_A30E
2025-07-14,T45_N,N,T45_N20250714pied,1,0.9,0.7,pied,9:35,10:28,NA,NA,NA,EM_CM,NA
2025-07-28,T49,O,T4920250728gopro,2,1,60,gopro,6:30,6:31,NA,NA,NA,EM_CM,GX010179_20250728_0630_T49_R104O
2025-07-28,T49,E,T4920250728gopro,2,1,60,gopro,6:33,6:34,NA,NA,NA,EM_CM,GX010180_20250728_0633_T49_R104E
2025-07-29,T61_N,N,T61_N20250729gopro,2,1,60,gopro,7:20,7:21,NA,NA,NA,EM_CM,GX010183_20250729_0720_T61_A15N
2025-07-29,T61_S,S,T61_S20250729gopro,2,1,60,gopro,7:24,7:25,NA,NA,NA,EM_CM,GX010184_20250729_0724_T61_A15S
2025-07-29,T61_N,NA,T61_N20250729drone,2,0.5,7.2,drone,6:54,6:58,22,0,8,EM_CM,DJI_202507290652_038_T61
2025-07-29,T65_S,S,T65_S20250729gopro,2,1,60,gopro,6:15,6:16,NA,NA,NA,EM_CM,GX010181_20250729_0615_T65_A15S
2025-07-29,T65_N,N,T65_N20250729gopro,2,1,60,gopro,6:22,6:23,NA,NA,NA,EM_CM,GX010182_20250729_0622_T65_A15N
2025-07-29,T65_N,NA,T65_N20250729drone,1,0.5,7.2,drone,5:53,5:57,23,0,10,EM_CM,DJI_202507290541_037_T65
2025-08-13,T45_N,N,T45_N20250813pied,2,0.9,1.1,pied,9:16,10:12,NA,NA,NA,EM_CM,NA
2025-06-02,T48_E,E,T48_E20250602pied,1,1,2,pied,7:10,7:44,NA,NA,NA,EM_CM,NA
2025-07-30,T35,O,T3520250730gopro,2,1,60,gopro,6:51,6:52,NA,NA,NA,EM_CM,GX010188_20250730_0655_T35_R344O
2025-07-30,T35,E,T3520250730gopro,2,1,60,gopro,6:55,6:56,NA,NA,NA,EM_CM,GX010187_20250730_0651_T35_R344E
2025-07-17,T48_E,E,T48_E20250717pied,2,1,1,pied,8:35,9:30,NA,NA,NA,EM_CM,NA
2025-07-28,T49,E,T4920250728pied,1,1,0.8,pied,7:47,9:00,NA,NA,NA,EM_CM,NA
2025-07-30,T36,O,T3620250730gopro,2,1,60,gopro,5:22,5:23,21,20,NA,EM_CM,GX010185_20250730_0522_T36_R344O
2025-07-30,T36,E,T3620250730gopro,2,1,60,gopro,5:25,5:26,NA,NA,NA,EM_CM,GX010186_20250730_0525_T36_R344E
2025-08-04,T52_E,E,T52_E20250804gopro,2,1,60,gopro,9:17,9:18,NA,NA,NA,EM_CM,GX010195_20250804_0917_T52_A730E
2025-08-04,T52_O,O,T52_O20250804gopro,2,1,60,gopro,9:23,9:24,NA,NA,NA,EM_CM,GX010196_20250804_0923_T52_A730O
2025-06-10,T52_O,E,T52_O20250610pied,1,1,1.3,pied,6:20,7:00,NA,NA,NA,EM_CM,NA
2025-08-04,T53_E,E,T53_E20250804gopro,2,1,60,gopro,7:15,7:16,NA,NA,NA,EM_CM,GX010193_20250804_0715_T53_A30E
2025-08-04,T53_O,O,T53_O20250804gopro,2,1,60,gopro,7:20,7:21,NA,NA,NA,EM_CM,GX010194_20250804_0720_T53_A30O
2025-08-04,T53_O,NA,T53_O20250804drone,1,0.5,7.2,drone,6:54,7:00,,95,6,EM_CM,DJI_202508040656_050_T53
2025-08-04,T62_E,E,T62_E20250804gopro,2,1,60,gopro,6:25,6:26,NA,NA,NA,EM_CM,GX010191_20250804_0625_T62_A30E
2025-08-04,T62_O,O,T62_O20250804gopro,2,1,60,gopro,6:28,6:29,NA,NA,NA,EM_CM,GX010192_20250804_0628_T62_A30O
2025-08-04,T62_O,NA,T62_O20250804drone,1,0.5,7.2,drone,6:03,6:09,19,12,9,EM_CM,DJI_202508040554_049_T62
2025-08-05,T01_E,E,T01_E20250805gopro,2,1,60,gopro,6:17,6:18,NA,NA,NA,EM_CM,GX010198_20250805_0617_T01_A30E
2025-08-05,T01_O,O,T01_O20250805gopro,2,1,60,gopro,6:21,6:22,NA,NA,NA,EM_CM,GX010199_20250805_0621_T01_A30O
2025-08-05,T01_O,NA,T01_O20250805drone,1,0.5,7.2,drone,5:52,5:56,14,80,16,EM_CM,DJI_202508050548_052_T01
2025-08-05,T28,S,T2820250805gopro,2,1,60,gopro,7:02,7:03,NA,NA,NA,EM_CM,GX010200_20250805_0702_T28_R205S
2025-08-05,T28,N,T2820250805gopro,2,1,60,gopro,7:05,7:06,NA,NA,NA,EM_CM,GX010201_20250805_0705_T28_R205N
2025-08-05,T28,NA,T2820250805drone,1,0.5,7.2,drone,6:40,6:48,14,35,17,EM_CM,DJI_202508050634_053_T28
2025-08-06,T20_E,E,T20_E20250806gopro,2,1,60,gopro,6:14,6:15,NA,NA,NA,EM_CM,GX010202_20250806_0614_T20_A40E
2025-08-06,T20_O,O,T20_O20250806gopro,2,1,60,gopro,6:18,6:19,NA,NA,NA,EM_CM,GX010203_20250806_0618_T20_A40O
2025-08-06,T20_E,NA,T20_E20250806drone,2,0.5,7.2,drone,5:57,6:03,15,12,6,EM_CM,DJI_202508060548_056_T20v2
2025-08-06,T57_O,O,T57_O20250806gopro,2,1,60,gopro,7:06,7:07,NA,NA,NA,EM_CM,GX010205_20250806_0706_T57_A640O
2025-08-06,T57_E,E,T57_E20250806gopro,2,1,60,gopro,7:15,7:16,NA,NA,NA,EM_CM,GX010206_20250806_0715_T57_A640E
2025-08-06,T57_E,NA,T57_E20250806drone,2,0.5,7.2,drone,6:46,6:51,14,0,3,EM_CM,DJI_202508060632_058_T57vrai
2025-08-11,T30_N,N,T30_N20250811gopro,2,1,75,gopro,9:22,9:23,NA,NA,NA,EM_CM,GX010209_20250811_0922_T30_A30O
2025-08-11,T30_S,S,T30_S20250811gopro,2,1,75,gopro,9:26,9:27,NA,NA,NA,EM_CM,GX010210_20250811_0926_T30_A30E
2025-08-04,T52_O,E,T52_O20250804pied,2,1,1.9,pied,7:35,9:06,NA,NA,NA,EM_CM,NA
2025-08-11,T31_O,O,T31_O20250811gopro,2,1,60,gopro,7:47,7:48,NA,NA,NA,EM_CM,GX010207_20250811_0747_T31_A20O
2025-08-11,T31_E,E,T31_E20250811gopro,2,1,70,gopro,7:50,7:51,NA,NA,NA,EM_CM,GX010208_20250811_0750_T31_A20E
2025-06-10,T53_O,E,T53_O20250610pied,1,1,1.3,pied,5:20,6:06,16,100,NA,EM_CM,NA
2025-08-12,T03_E,E,T03_E20250812gopro,2,1,60,gopro,7:36,7:37,NA,NA,NA,EM_CM,GX010213_20250812_0736_T03_A40E
2025-08-12,T03_O,O,T03_O20250812gopro,2,1,60,gopro,7:40,7:41,NA,NA,NA,EM_CM,GX010214_20250812_0740_T03_A40O
2025-08-12,T09_E,E,T09_E20250812gopro,2,1,75,gopro,6:18,6:19,NA,NA,NA,EM_CM,GX010211_20250812_0618_T09_A20E
2025-08-12,T09_O,O,T09_O20250812gopro,2,1,60,gopro,6:23,6:24,NA,NA,NA,EM_CM,GX010212_20250812_0623_T09_A20O
2025-08-13,T59,O,T5920250813pied,2,2,1.4,pied,5:48,7:20,NA,NA,NA,EM_CM,NA
2025-08-12,T15_O,O,T15_O20250812gopro,2,1,60,gopro,9:05,9:06,NA,NA,NA,EM_CM,GX010215_20250812_0905_T15_A40O
2025-08-12,T15_E,E,T15_E20250812gopro,2,1,60,gopro,9:11,9:12,NA,NA,NA,EM_CM,GX010216_20250812_0911_T15_A40E
2025-07-14,T59,O,T5920250714pied,1,2,1,pied,6:00,7:45,34,70,NA,EM_CM,NA
2025-08-13,T22_E,E,T22_E20250813gopro,2,1,60,gopro,7:27,7:28,NA,NA,NA,EM_CM,GX010220_20250813_0727_T22_R158E
2025-08-13,T22_O,O,T22_O20250813gopro,2,1,60,gopro,7:36,7:37,NA,NA,NA,EM_CM,GX010221_20250813_0736_T22_R158O
2025-07-01,T61_N,N,T61_N20250701pied,1,1,1.3,pied,8:20,9:07,NA,NA,NA,EM_CM,NA
2025-08-13,T45_N,N,T45_N20250813gopro,2,1,75,gopro,9:05,9:06,NA,NA,NA,EM_CM,GX010222_20250813_0905_T45_A15N
2025-08-13,T45_S,S,T45_S20250813gopro,2,1,90,gopro,9:12,9:13,NA,NA,NA,EM_CM,GX010223_20250813_0912_T45_A15S
2025-06-09,T62_O,E,T62_O20250609pied,1,1,3,pied,8:22,8:45,NA,NA,NA,EM_CM,NA
2025-07-01,T65_N,N,T65_N20250701pied,1,1,0.8,pied,6:37,7:50,NA,NA,NA,EM_CM,NA
2025-08-13,T59,O,T5920250813gopro,2,1,60,gopro,5:42,5:43,24,75,NA,EM_CM,GX010218_20250813_0542_T59_R158O
2025-08-13,T59,E,T5920250813gopro,2,1,60,gopro,5:46,5:47,NA,NA,NA,EM_CM,GX010219_20250813_0546_T59_R158E
