"tr","cat","type","date1","heure1","date2","heure2","conso","jour_pred","mois_pred","heure_pred","id_pred","tps_pred_h","tps_test"
"T02",1,"Secondaire","2025-06-03","05:56:00","2025-06-04","11:39:00",1,"3","6","07:16:00","IND",1.33333333333333,29.7166666666667
"T25",0,"Aut2voies","2025-06-04","20:18:22","2025-06-05","20:38:00",0,NA,NA,NA,NA,NA,24.3272222222222
"T02",1,"Secondaire","2025-06-04","20:53:55","2025-06-05","18:08:00",1,"5","6","12:22:00","IND",15.4680555555556,21.2347222222222
"T28",0,"Secondaire","2025-06-09","05:26:41","2025-06-10","07:59:00",0,NA,NA,NA,NA,NA,26.5386111111111
"T01",1,"Aut2voies","2025-06-09","05:52:28","2025-06-10","08:17:00",0,NA,NA,NA,NA,NA,26.4088888888889
"T01",1,"Aut2voies","2025-06-11","20:20:34","2025-06-12","20:44:00",0,NA,NA,NA,NA,NA,24.3905555555556
"T28",0,"Secondaire","2025-06-11","20:50:18","2025-06-12","21:03:00",0,NA,NA,NA,NA,NA,24.2116666666667
"T57",2,"Secondaire","2025-06-16","05:32:54","2025-06-17","14:34:00",0,NA,NA,NA,NA,NA,33.0183333333333
"T20",0,"Aut3voies","2025-06-16","05:14:00","2025-06-17","14:18:00",1,NA,NA,NA,"IND",NA,33.0666666666667
"T20",0,"Aut3voies","2025-06-18","20:02:33","2025-06-19","20:08:00",1,NA,NA,NA,"IND",NA,24.0908333333333
"T57",2,"Secondaire","2025-06-18","20:27:56","2025-06-19","20:29:00",0,NA,NA,NA,NA,NA,24.0177777777778
"T35",1,"Secondaire","2025-06-25","05:26:39","2025-06-26","15:08:00",1,"25","6","15:24:00","IND",9.95583333333333,33.6891666666667
"T36",1,"Secondaire","2025-06-25","05:53:50","2025-06-26","14:30:00",0,NA,NA,NA,NA,NA,32.6027777777778
"T26",0,"Aut3voies","2025-06-25","20:04:38","2025-06-26","19:54:00",0,NA,NA,NA,NA,NA,23.8227777777778
"T48",2,"Aut2voies","2025-06-25","20:37:53","2025-06-26","20:39:00",0,NA,NA,NA,NA,NA,24.0186111111111
"T61",1,"Aut2voies","2025-07-01","05:28:40","2025-07-02","09:01:00",0,NA,NA,NA,NA,NA,27.5388888888889
"T65",1,"Aut2voies","2025-07-01","06:00:04","2025-07-02","08:34:00",0,NA,NA,NA,NA,NA,26.5655555555556
"T41",2,"Aut2voies","2025-07-02","05:37:01","2025-07-03","18:36:00",1,"2","7","09:20:00","IND",3.71638888888889,36.9830555555556
"T42",2,"Aut2voies","2025-07-02","06:25:27","2025-07-03","20:00:00",1,"3","7","13:56:00","corvus_brachyrhynchos",31.5091666666667,37.5758333333333
"T65",1,"Aut2voies","2025-07-02","20:18:26","2025-07-03","20:57:00",1,"3","7","14:06:00","corvus_brachyrhynchos",17.7927777777778,24.6427777777778
"T61",1,"Aut2voies","2025-07-02","20:31:05","2025-07-03","21:20:00",1,"3","7","08:32:00","IND",12.0152777777778,24.8152777777778
"T09",0,"Aut2voies","2025-07-07","05:07:39","2025-07-08","11:08:00",0,NA,NA,NA,NA,NA,30.0058333333333
"T03",0,"Aut3voies","2025-07-07","05:47:57","2025-07-08","10:29:00",0,NA,NA,NA,NA,NA,28.6841666666667
"T41",2,"Aut2voies","2025-07-08","19:58:30","2025-07-09","21:15:00",0,NA,NA,NA,NA,NA,25.275
"T42",2,"Aut2voies","2025-07-08","20:33:09","2025-07-09","21:45:00",0,NA,NA,NA,NA,NA,25.1975
"T14",0,"Secondaire","2025-07-09","19:58:36","2025-07-10","20:06:00",0,NA,NA,NA,NA,NA,24.1233333333333
"T39",1,"Secondaire","2025-07-09","20:35:20","2025-07-10","20:49:00",0,NA,NA,NA,NA,NA,24.2277777777778
"T45",2,"Aut3voies","2025-07-14","04:57:59","2025-07-15","09:00:00",0,NA,NA,NA,NA,NA,28.0336111111111
"T22",0,"Secondaire","2025-07-14","05:28:03","2025-07-15","09:20:00",0,NA,NA,NA,NA,NA,27.8658333333333
"T59",2,"Secondaire","2025-07-14","05:51:06","2025-07-15","10:15:00",0,NA,NA,NA,NA,NA,28.3983333333333
"T48",2,"Aut2voies","2025-07-17","05:34:38","2025-07-18","09:28:00",0,NA,NA,NA,NA,NA,27.8894444444444
"T25",0,"Aut2voies","2025-07-17","05:55:29","2025-07-18","09:42:00",1,"18","7","00:09:00","felis_catus",18.2252777777778,27.7752777777778
"T26",0,"Aut3voies","2025-07-17","06:24:53","2025-07-18","10:05:00",0,NA,NA,NA,NA,NA,27.6686111111111
"T14",0,"Secondaire","2025-07-21","05:33:39","2025-07-22","08:31:00",0,NA,NA,NA,NA,NA,26.9558333333333
"T39",1,"Secondaire","2025-07-21","05:56:12","2025-07-22","08:44:00",0,NA,NA,NA,NA,NA,26.7966666666667
"T36",1,"Secondaire","2025-07-22","20:40:34","2025-07-23","21:05:00",0,NA,NA,NA,NA,NA,24.4072222222222
"T35",1,"Secondaire","2025-07-22","21:20:56","2025-07-23","21:25:00",0,NA,NA,NA,NA,NA,24.0677777777778
"T22",0,"Secondaire","2025-07-23","20:10:17","2025-07-24","20:12:00",0,NA,NA,NA,NA,NA,24.0286111111111
"T59",2,"Secondaire","2025-07-23","20:27:07","2025-07-24","20:35:00",1,"24","7","09:35:00","corvus_brachyrhynchos",13.1313888888889,24.1313888888889
"T47",2,"Aut2voies","2025-07-28","05:14:04","2025-07-29","08:53:00",0,NA,NA,NA,NA,NA,27.6488888888889
"T40",1,"Aut2voies","2025-07-28","05:37:55","2025-07-29","09:11:00",0,NA,NA,NA,NA,NA,27.5513888888889
"T49",2,"Secondaire","2025-07-28","06:01:14","2025-07-29","08:39:00",1,"28","7","07:06:00","IND",1.07944444444444,26.6294444444444
"T47",2,"Aut2voies","2025-07-30","19:53:46","2025-07-31","20:22:00",1,"31","7","07:36:00","corvus_brachyrhynchos",11.7038888888889,24.4705555555556
"T40",1,"Aut2voies","2025-07-30","20:12:54","2025-07-31","20:35:00",0,NA,NA,NA,NA,NA,24.3683333333333
"T49",2,"Secondaire","2025-07-30","20:37:14","2025-07-31","20:53:00",0,NA,NA,NA,NA,NA,24.2627777777778
"T52",2,"Secondaire","2025-08-04","05:06:29","2025-08-05","07:26:00",0,NA,NA,NA,NA,NA,26.3252777777778
"T53",2,"Aut2voies","2025-08-04","05:26:19","2025-08-05","07:39:00",0,NA,NA,NA,NA,NA,26.2113888888889
"T62",1,"Aut2voies","2025-08-04","05:44:31","2025-08-05","07:48:00",0,NA,NA,NA,NA,NA,26.0580555555556
"T52",2,"Secondaire","2025-08-06","19:49:55","2025-08-07","19:58:00",0,NA,NA,NA,NA,NA,24.1347222222222
"T53",2,"Aut2voies","2025-08-06","20:06:17","2025-08-07","20:08:00",1,"7","8","06:20:00","corvus_brachyrhynchos",10.2286111111111,24.0286111111111
"T62",1,"Aut2voies","2025-08-06","20:24:29","2025-08-07","20:17:00",0,NA,NA,NA,NA,NA,23.8752777777778
"T15",0,"Aut2voies","2025-08-11","05:28:25","2025-08-12","08:49:00",0,NA,NA,NA,NA,NA,27.3430555555556
"T30",1,"Aut2voies","2025-08-11","06:01:49","2025-08-12","09:25:00",0,NA,NA,NA,NA,NA,27.3863888888889
"T31",0,"Aut2voies","2025-08-11","06:33:22","2025-08-12","09:49:00",0,NA,NA,NA,NA,NA,27.2605555555556
"T09",0,"Aut2voies","2025-08-13","19:51:53","2025-08-14","21:09:00",1,"14","8","06:07:00","corvus_corax",10.2519444444444,25.2852777777778
"T31",0,"Aut2voies","2025-08-13","20:25:26","2025-08-14","21:37:00",0,NA,NA,NA,NA,NA,25.1927777777778
"T15",0,"Aut2voies","2025-08-13","20:55:03","2025-08-14","22:00:00",0,NA,NA,NA,NA,NA,25.0825
