"tr_glob","date","tr","sens","km","speed","method","tr_id","hm1","hm2","min","cat"
"T01",2025-06-09,"T01_E","E",1,1.3,"P","20250609_T01_E_P",2025-06-09 07:26:00,2025-06-09 08:15:00,49,2
"T01",2025-08-05,"T01_E","E",1,60,"G","20250805_T01_E_G",2025-08-05 06:17:00,2025-08-05 06:18:00,1,2
"T01",2025-08-05,"T01_O","O",1,60,"G","20250805_T01_O_G",2025-08-05 06:21:00,2025-08-05 06:22:00,1,2
"T01",2025-08-05,"T01_O",NA,0.5,7.2,"D","20250805_T01_O_D",2025-08-05 05:52:00,2025-08-05 05:56:00,4,2
"T01",2025-06-09,"T01_E","E",1,60,"G","20250609_T01_E_G",2025-06-09 06:17:00,2025-06-09 06:18:00,1,2
"T01",2025-06-09,"T01_O","O",1,60,"G","20250609_T01_O_G",2025-06-09 06:29:00,2025-06-09 06:30:00,1,2
"T02",2025-07-22,"T02","S",2,2.4,"P","20250722_T02_P",2025-07-22 05:36:00,2025-07-22 06:23:00,47,0
"T02",2025-07-22,"T02","S",1,50,"G","20250722_T02_G",2025-07-22 05:28:00,2025-07-22 05:29:00,1,0
"T02",2025-06-03,"T02","S",1,1.5,"P","20250603_T02_P",2025-06-03 06:00:00,2025-06-03 06:40:00,40,0
"T02",2025-06-03,"T02","N",1,60,"G","20250603_T02_G",2025-06-03 06:50:00,2025-06-03 06:51:00,1,0
"T02",2025-07-22,"T02","N",1,50,"G","20250722_T02_G",2025-07-22 05:23:00,2025-07-22 05:24:00,1,0
"T02",2025-06-03,"T02","S",1,60,"G","20250603_T02_G",2025-06-03 06:55:00,2025-06-03 06:56:00,1,0
"T03",2025-07-07,"T03_E",NA,0.5,7.2,"D","20250707_T03_E_D",2025-07-07 06:43:00,2025-07-07 06:47:00,4,0
"T03",2025-08-12,"T03_E","E",1,1.5,"P","20250812_T03_E_P",2025-08-12 06:41:00,2025-08-12 07:24:00,43,0
"T03",2025-07-07,"T03_O","O",1,60,"G","20250707_T03_O_G",2025-07-07 06:10:00,2025-07-07 06:11:00,1,0
"T03",2025-07-07,"T03_E","E",1,60,"G","20250707_T03_E_G",2025-07-07 06:05:00,2025-07-07 06:06:00,1,0
"T03",2025-08-12,"T03_O","O",1,60,"G","20250812_T03_O_G",2025-08-12 07:40:00,2025-08-12 07:41:00,1,0
"T03",2025-08-12,"T03_E","E",1,60,"G","20250812_T03_E_G",2025-08-12 07:36:00,2025-08-12 07:37:00,1,0
"T09",2025-07-07,"T09_O","O",1,60,"G","20250707_T09_O_G",2025-07-07 07:21:00,2025-07-07 07:22:00,1,0
"T09",2025-08-12,"T09_O","O",1,60,"G","20250812_T09_O_G",2025-08-12 06:23:00,2025-08-12 06:24:00,1,0
"T09",2025-07-07,"T09_E","E",1,60,"G","20250707_T09_E_G",2025-07-07 07:14:00,2025-07-07 07:15:00,1,0
"T09",2025-07-07,"T09_O","E",1,0.8,"P","20250707_T09_O_P",2025-07-07 07:28:00,2025-07-07 08:42:00,74,0
"T09",2025-08-12,"T09_O","E",1,1,"P","20250812_T09_O_P",2025-08-12 05:10:00,2025-08-12 06:13:00,63,0
"T09",2025-08-12,"T09_E","E",1,75,"G","20250812_T09_E_G",2025-08-12 06:18:00,2025-08-12 06:19:00,1,0
"T14",2025-07-21,"T14_E","E",1,50,"G","20250721_T14_E_G",2025-07-21 08:13:00,2025-07-21 08:14:00,1,0
"T14",2025-06-03,"T14_E","E",1,60,"G","20250603_T14_E_G",2025-06-03 07:36:00,2025-06-03 07:37:00,1,0
"T14",2025-06-03,"T14_O","O",1,60,"G","20250603_T14_O_G",2025-06-03 07:49:00,2025-06-03 07:50:00,1,0
"T14",2025-07-21,"T14_E","E",1,1.1,"P","20250721_T14_E_P",2025-07-21 07:17:00,2025-07-21 08:08:00,51,0
"T14",2025-06-03,"T14_O","O",1,2.1,"P","20250603_T14_O_P",2025-06-03 08:32:00,2025-06-03 09:00:00,28,0
"T14",2025-07-21,"T14_O","O",1,60,"G","20250721_T14_O_G",2025-07-21 08:16:00,2025-07-21 08:17:00,1,0
"T15",2025-08-12,"T15_O","O",1,60,"G","20250812_T15_O_G",2025-08-12 09:05:00,2025-08-12 09:06:00,1,0
"T15",2025-08-12,"T15_E","E",1,60,"G","20250812_T15_E_G",2025-08-12 09:11:00,2025-08-12 09:12:00,1,0
"T15",2025-08-12,"T15_O","O",1,1.3,"P","20250812_T15_O_P",2025-08-12 07:45:00,2025-08-12 08:30:00,45,0
"T15",2025-07-08,"T15_E","E",1,60,"G","20250708_T15_E_G",2025-07-08 05:31:00,2025-07-08 05:32:00,1,0
"T15",2025-07-08,"T15_O","O",1,0.7,"P","20250708_T15_O_P",2025-07-08 05:36:00,2025-07-08 07:00:00,84,0
"T15",2025-07-08,"T15_O","O",1,60,"G","20250708_T15_O_G",2025-07-08 05:26:00,2025-07-08 05:27:00,1,0
"T20",2025-06-16,"T20_O",NA,0.5,7.2,"D","20250616_T20_O_D",2025-06-16 06:37:00,2025-06-16 06:41:00,4,0
"T20",2025-06-16,"T20_E","E",1,60,"G","20250616_T20_E_G",2025-06-16 05:53:00,2025-06-16 05:54:00,1,0
"T20",2025-08-06,"T20_E",NA,0.5,7.2,"D","20250806_T20_E_D",2025-08-06 05:57:00,2025-08-06 06:03:00,6,0
"T20",2025-06-16,"T20_O","O",1,60,"G","20250616_T20_O_G",2025-06-16 06:08:00,2025-06-16 06:09:00,1,0
"T20",2025-08-06,"T20_O","O",1,60,"G","20250806_T20_O_G",2025-08-06 06:18:00,2025-08-06 06:19:00,1,0
"T20",2025-08-06,"T20_E","E",1,60,"G","20250806_T20_E_G",2025-08-06 06:14:00,2025-08-06 06:15:00,1,0
"T22",2025-08-13,"T22_E","E",1,0.8,"P","20250813_T22_E_P",2025-08-13 07:37:00,2025-08-13 08:54:00,77,2
"T22",2025-07-14,"T22_E","E",1,60,"G","20250714_T22_E_G",2025-07-14 09:25:00,2025-07-14 09:26:00,1,2
"T22",2025-08-13,"T22_E","E",1,60,"G","20250813_T22_E_G",2025-08-13 07:27:00,2025-08-13 07:28:00,1,2
"T22",2025-07-14,"T22_E","E",1,0.8,"P","20250714_T22_E_P",2025-07-14 07:58:00,2025-07-14 09:13:00,75,2
"T22",2025-07-14,"T22_O","O",1,60,"G","20250714_T22_O_G",2025-07-14 09:22:00,2025-07-14 09:23:00,1,2
"T22",2025-08-13,"T22_O","O",1,60,"G","20250813_T22_O_G",2025-08-13 07:36:00,2025-08-13 07:37:00,1,2
"T25",2025-07-22,"T25_O","O",1,60,"G","20250722_T25_O_G",2025-07-22 06:36:00,2025-07-22 06:37:00,1,1
"T25",2025-07-22,"T25_E",NA,0.5,7.2,"D","20250722_T25_E_D",2025-07-22 07:02:00,2025-07-22 07:09:00,7,1
"T25",2025-07-22,"T25_E","E",1,60,"G","20250722_T25_E_G",2025-07-22 06:33:00,2025-07-22 06:34:00,1,1
"T25",2025-06-02,"T25_E","E",1,60,"G","20250602_T25_E_G",2025-06-02 06:05:00,2025-06-02 06:06:00,1,1
"T25",2025-06-02,"T25_E","E",1,1.3,"P","20250602_T25_E_P",2025-06-02 07:53:00,2025-06-02 08:40:00,47,1
"T25",2025-06-02,"T25_O","O",1,60,"G","20250602_T25_O_G",2025-06-02 06:17:00,2025-06-02 06:18:00,1,1
"T26",2025-06-02,"T26_O","O",1,2,"P","20250602_T26_O_P",2025-06-02 06:30:00,2025-06-02 07:00:00,30,0
"T26",2025-06-02,"T26_O","O",1,60,"G","20250602_T26_O_G",2025-06-02 05:48:00,2025-06-02 05:49:00,1,0
"T26",2025-07-17,"T26_O","O",1,60,"G","20250717_T26_O_G",2025-07-17 08:10:00,2025-07-17 08:11:00,1,0
"T26",2025-07-17,"T26_E","E",1,60,"G","20250717_T26_E_G",2025-07-17 08:05:00,2025-07-17 08:06:00,1,0
"T26",2025-07-17,"T26_O","O",1,1.1,"P","20250717_T26_O_P",2025-07-17 06:30:00,2025-07-17 07:20:00,50,0
"T26",2025-06-02,"T26_E","E",1,60,"G","20250602_T26_E_G",2025-06-02 05:30:00,2025-06-02 05:31:00,1,0
"T28",2025-08-05,"T28","N",1,60,"G","20250805_T28_G",2025-08-05 07:05:00,2025-08-05 07:06:00,1,0
"T28",2025-06-09,"T28","S",1,60,"G","20250609_T28_G",2025-06-09 06:08:00,2025-06-09 06:09:00,1,0
"T28",2025-06-09,"T28","N",1,60,"G","20250609_T28_G",2025-06-09 06:10:00,2025-06-09 06:11:00,1,0
"T28",2025-06-09,"T28","S",1,1.3,"P","20250609_T28_P",2025-06-09 06:35:00,2025-06-09 07:18:00,43,0
"T28",2025-08-05,"T28",NA,0.5,7.2,"D","20250805_T28_D",2025-08-05 06:40:00,2025-08-05 06:48:00,8,0
"T28",2025-08-05,"T28","S",1,60,"G","20250805_T28_G",2025-08-05 07:02:00,2025-08-05 07:03:00,1,0
"T30",2025-08-11,"T30_S","S",1,0.9,"P","20250811_T30_S_P",2025-08-11 07:59:00,2025-08-11 09:07:00,68,0
"T30",2025-08-11,"T30_S","S",1,75,"G","20250811_T30_S_G",2025-08-11 09:26:00,2025-08-11 09:27:00,1,0
"T30",2025-07-08,"T30_S","S",1,60,"G","20250708_T30_S_G",2025-07-08 07:13:00,2025-07-08 07:14:00,1,0
"T30",2025-07-08,"T30_N","N",1,60,"G","20250708_T30_N_G",2025-07-08 07:24:00,2025-07-08 07:25:00,1,0
"T30",2025-08-11,"T30_N","N",1,75,"G","20250811_T30_N_G",2025-08-11 09:22:00,2025-08-11 09:23:00,1,0
"T30",2025-07-08,"T30_S",NA,0.5,7.2,"D","20250708_T30_S_D",2025-07-08 07:44:00,2025-07-08 07:49:00,5,0
"T31",2025-08-11,"T31_E","E",1,70,"G","20250811_T31_E_G",2025-08-11 07:50:00,2025-08-11 07:51:00,1,1
"T31",2025-08-11,"T31_E","E",1,1,"P","20250811_T31_E_P",2025-08-11 06:35:00,2025-08-11 07:37:00,62,1
"T31",2025-07-08,"T31_E",NA,0.5,7.2,"D","20250708_T31_E_D",2025-07-08 08:42:00,2025-07-08 08:46:00,4,1
"T31",2025-07-08,"T31_O","O",1,60,"G","20250708_T31_O_G",2025-07-08 08:08:00,2025-07-08 08:09:00,1,1
"T31",2025-07-08,"T31_E","E",1,60,"G","20250708_T31_E_G",2025-07-08 08:11:00,2025-07-08 08:12:00,1,1
"T31",2025-08-11,"T31_O","O",1,60,"G","20250811_T31_O_G",2025-08-11 07:47:00,2025-08-11 07:48:00,1,1
"T35",2025-06-25,"T35","O",1,60,"G","20250625_T35_G",2025-06-25 07:24:00,2025-06-25 07:25:00,1,1
"T35",2025-07-30,"T35","O",1,60,"G","20250730_T35_G",2025-07-30 06:51:00,2025-07-30 06:52:00,1,1
"T35",2025-06-25,"T35","E",1,60,"G","20250625_T35_G",2025-06-25 07:20:00,2025-06-25 07:21:00,1,1
"T35",2025-07-30,"T35","O",2,1,"P","20250730_T35_P",2025-07-30 06:58:00,2025-07-30 08:50:00,112,1
"T35",2025-06-25,"T35",NA,0.5,7.2,"D","20250625_T35_D",2025-06-25 07:33:00,2025-06-25 08:00:00,27,1
"T35",2025-07-30,"T35","E",1,60,"G","20250730_T35_G",2025-07-30 06:55:00,2025-07-30 06:56:00,1,1
"T36",2025-06-25,"T36","O",1,60,"G","20250625_T36_G",2025-06-25 06:21:00,2025-06-25 06:22:00,1,2
"T36",2025-06-25,"T36",NA,0.5,7.2,"D","20250625_T36_D",2025-06-25 06:30:00,2025-06-25 06:59:00,29,2
"T36",2025-06-25,"T36","E",1,60,"G","20250625_T36_G",2025-06-25 06:18:00,2025-06-25 06:19:00,1,2
"T36",2025-07-30,"T36","O",1,60,"G","20250730_T36_G",2025-07-30 05:22:00,2025-07-30 05:23:00,1,2
"T36",2025-07-30,"T36","E",1,60,"G","20250730_T36_G",2025-07-30 05:25:00,2025-07-30 05:26:00,1,2
"T36",2025-07-30,"T36","O",2,1,"P","20250730_T36_P",2025-07-30 05:28:00,2025-07-30 06:30:00,62,2
"T39",2025-06-03,"T39_O",NA,0.5,7.2,"D","20250603_T39_O_D",2025-06-03 08:07:00,2025-06-03 08:11:00,4,1
"T39",2025-06-03,"T39_O","O",1,60,"G","20250603_T39_O_G",2025-06-03 07:44:00,2025-06-03 07:45:00,1,1
"T39",2025-07-21,"T39_O","O",1,60,"G","20250721_T39_O_G",2025-07-21 07:06:00,2025-07-21 07:07:00,1,1
"T39",2025-06-03,"T39_E","E",1,60,"G","20250603_T39_E_G",2025-06-03 07:42:00,2025-06-03 07:43:00,1,1
"T39",2025-07-21,"T39_E","E",1,60,"G","20250721_T39_E_G",2025-07-21 07:04:00,2025-07-21 07:05:00,1,1
"T39",2025-07-21,"T39_O","E",1,1.1,"P","20250721_T39_O_P",2025-07-21 06:04:00,2025-07-21 06:59:00,55,1
"T40",2025-07-15,"T40_E",NA,0.5,7.2,"D","20250715_T40_E_D",2025-07-15 07:22:00,2025-07-15 07:26:00,4,2
"T40",2025-07-28,"T40_O","O",1,60,"G","20250728_T40_O_G",2025-07-28 06:22:00,2025-07-28 06:23:00,1,2
"T40",2025-07-28,"T40_E","E",1,60,"G","20250728_T40_E_G",2025-07-28 06:27:00,2025-07-28 06:28:00,1,2
"T40",2025-07-15,"T40_E","E",1,60,"G","20250715_T40_E_G",2025-07-15 05:32:00,2025-07-15 05:33:00,1,2
"T40",2025-07-28,"T40_E",NA,0.5,7.2,"D","20250728_T40_E_D",2025-07-28 07:21:00,2025-07-28 07:25:00,4,2
"T40",2025-07-15,"T40_O","O",1,60,"G","20250715_T40_O_G",2025-07-15 05:27:00,2025-07-15 05:28:00,1,2
"T41",2025-07-02,"T41_O","O",1,60,"G","20250702_T41_O_G",2025-07-02 07:14:00,2025-07-02 07:15:00,1,2
"T41",2025-06-03,"T41_O","O",1,60,"G","20250603_T41_O_G",2025-06-03 09:39:00,2025-06-03 09:40:00,1,2
"T41",2025-07-18,"T41_O","O",0.9,0.7,"P","20250718_T41_O_P",2025-07-18 05:46:00,2025-07-18 07:10:00,84,2
"T41",2025-07-02,"T41_O",NA,0.5,7.2,"D","20250702_T41_O_D",2025-07-02 07:34:00,2025-07-02 07:45:00,11,2
"T41",2025-07-18,"T41_E","E",1,60,"G","20250718_T41_E_G",2025-07-18 05:21:00,2025-07-18 05:22:00,1,2
"T41",2025-07-18,"T41_O","O",1,60,"G","20250718_T41_O_G",2025-07-18 05:35:00,2025-07-18 05:36:00,1,2
"T41",2025-07-02,"T41_E","E",1,60,"G","20250702_T41_E_G",2025-07-02 07:59:00,2025-07-02 08:00:00,1,2
"T42",2025-07-02,"T42_O",NA,0.5,7.2,"D","20250702_T42_O_D",2025-07-02 06:24:00,2025-07-02 06:28:00,4,2
"T42",2025-07-02,"T42_O","O",1,60,"G","20250702_T42_O_G",2025-07-02 07:12:00,2025-07-02 07:13:00,1,2
"T42",2025-07-18,"T42_E","E",1,60,"G","20250718_T42_E_G",2025-07-18 05:23:00,2025-07-18 05:24:00,1,2
"T42",2025-07-02,"T42_E","E",1,60,"G","20250702_T42_E_G",2025-07-02 07:00:00,2025-07-02 07:01:00,1,2
"T42",2025-07-18,"T42_O","O",1,0.7,"P","20250718_T42_O_P",2025-07-18 07:28:00,2025-07-18 09:00:00,92,2
"T42",2025-07-18,"T42_O","O",1,60,"G","20250718_T42_O_G",2025-07-18 05:33:00,2025-07-18 05:34:00,1,2
"T42",2025-06-03,"T42_O","O",1,60,"G","20250603_T42_O_G",2025-06-03 09:37:00,2025-06-03 09:38:00,1,2
"T45",2025-07-14,"T45_N","N",1,60,"G","20250714_T45_N_G",2025-07-14 10:41:00,2025-07-14 10:42:00,1,2
"T45",2025-08-13,"T45_N","N",0.9,1.1,"P","20250813_T45_N_P",2025-08-13 09:16:00,2025-08-13 10:12:00,56,2
"T45",2025-07-14,"T45_S","S",1,60,"G","20250714_T45_S_G",2025-07-14 10:38:00,2025-07-14 10:39:00,1,2
"T45",2025-07-14,"T45_N","N",0.9,0.7,"P","20250714_T45_N_P",2025-07-14 09:35:00,2025-07-14 10:28:00,53,2
"T45",2025-08-13,"T45_N","N",1,75,"G","20250813_T45_N_G",2025-08-13 09:05:00,2025-08-13 09:06:00,1,2
"T45",2025-08-13,"T45_S","S",1,90,"G","20250813_T45_S_G",2025-08-13 09:12:00,2025-08-13 09:13:00,1,2
"T47",2025-07-28,"T47_E",NA,0.5,7.2,"D","20250728_T47_E_D",2025-07-28 06:52:00,2025-07-28 06:56:00,4,2
"T47",2025-07-15,"T47_E",NA,0.5,7.2,"D","20250715_T47_E_D",2025-07-15 06:38:00,2025-07-15 06:42:00,4,2
"T47",2025-07-28,"T47_O","O",1,60,"G","20250728_T47_O_G",2025-07-28 06:20:00,2025-07-28 06:21:00,1,2
"T47",2025-07-28,"T47_E","E",1,60,"G","20250728_T47_E_G",2025-07-28 06:28:00,2025-07-28 06:29:00,1,2
"T47",2025-07-15,"T47_O","O",1,60,"G","20250715_T47_O_G",2025-07-15 05:25:00,2025-07-15 05:26:00,1,2
"T47",2025-07-15,"T47_E","E",1,60,"G","20250715_T47_E_G",2025-07-15 05:34:00,2025-07-15 05:35:00,1,2
"T48",2025-06-02,"T48_O","O",1,60,"G","20250602_T48_O_G",2025-06-02 06:25:00,2025-06-02 06:26:00,1,1
"T48",2025-07-17,"T48_E","E",1,1,"P","20250717_T48_E_P",2025-07-17 08:35:00,2025-07-17 09:30:00,55,1
"T48",2025-06-02,"T48_E","E",1,2,"P","20250602_T48_E_P",2025-06-02 07:10:00,2025-06-02 07:44:00,34,1
"T48",2025-07-17,"T48_E","E",1,60,"G","20250717_T48_E_G",2025-07-17 08:16:00,2025-07-17 08:17:00,1,1
"T48",2025-07-17,"T48_O","O",1,60,"G","20250717_T48_O_G",2025-07-17 08:33:00,2025-07-17 08:34:00,1,1
"T48",2025-06-02,"T48_E","E",1,60,"G","20250602_T48_E_G",2025-06-02 05:57:00,2025-06-02 05:58:00,1,1
"T49",2025-07-28,"T49","O",1,60,"G","20250728_T49_G",2025-07-28 06:30:00,2025-07-28 06:31:00,1,2
"T49",2025-07-15,"T49","O",1,60,"G","20250715_T49_G",2025-07-15 05:39:00,2025-07-15 05:40:00,1,2
"T49",2025-07-15,"T49","E",1,60,"G","20250715_T49_G",2025-07-15 05:36:00,2025-07-15 05:37:00,1,2
"T49",2025-07-28,"T49","E",1,0.8,"P","20250728_T49_P",2025-07-28 07:47:00,2025-07-28 09:00:00,73,2
"T49",2025-07-28,"T49","E",1,60,"G","20250728_T49_G",2025-07-28 06:33:00,2025-07-28 06:34:00,1,2
"T49",2025-07-15,"T49",NA,0.4,7.2,"D","20250715_T49_D",2025-07-15 06:01:00,2025-07-15 06:05:00,4,2
"T52",2025-06-10,"T52_O","E",1,1.3,"P","20250610_T52_O_P",2025-06-10 06:20:00,2025-06-10 07:00:00,40,2
"T52",2025-06-10,"T52_O","O",1,60,"G","20250610_T52_O_G",2025-06-10 07:39:00,2025-06-10 07:40:00,1,2
"T52",2025-06-10,"T52_E","E",1,60,"G","20250610_T52_E_G",2025-06-10 07:35:00,2025-06-10 07:36:00,1,2
"T52",2025-08-04,"T52_O","O",1,60,"G","20250804_T52_O_G",2025-08-04 09:23:00,2025-08-04 09:24:00,1,2
"T52",2025-08-04,"T52_O","E",1,1.9,"P","20250804_T52_O_P",2025-08-04 07:35:00,2025-08-04 09:06:00,91,2
"T52",2025-08-04,"T52_E","E",1,60,"G","20250804_T52_E_G",2025-08-04 09:17:00,2025-08-04 09:18:00,1,2
"T53",2025-06-10,"T53_E","E",1,60,"G","20250610_T53_E_G",2025-06-10 07:30:00,2025-06-10 07:31:00,1,1
"T53",2025-08-04,"T53_O",NA,0.5,7.2,"D","20250804_T53_O_D",2025-08-04 06:54:00,2025-08-04 07:00:00,6,1
"T53",2025-08-04,"T53_E","E",1,60,"G","20250804_T53_E_G",2025-08-04 07:15:00,2025-08-04 07:16:00,1,1
"T53",2025-08-04,"T53_O","O",1,60,"G","20250804_T53_O_G",2025-08-04 07:20:00,2025-08-04 07:21:00,1,1
"T53",2025-06-10,"T53_O","E",1,1.3,"P","20250610_T53_O_P",2025-06-10 05:20:00,2025-06-10 06:06:00,46,1
"T53",2025-06-10,"T53_O","O",1,60,"G","20250610_T53_O_G",2025-06-10 07:26:00,2025-06-10 07:27:00,1,1
"T57",2025-06-16,"T57_E",NA,0.5,7.2,"D","20250616_T57_E_D",2025-06-16 08:50:00,2025-06-16 08:54:00,4,2
"T57",2025-08-06,"T57_E","E",1,60,"G","20250806_T57_E_G",2025-08-06 07:15:00,2025-08-06 07:16:00,1,2
"T57",2025-08-06,"T57_E",NA,0.5,7.2,"D","20250806_T57_E_D",2025-08-06 06:46:00,2025-08-06 06:51:00,5,2
"T57",2025-06-16,"T57_E","E",1,60,"G","20250616_T57_E_G",2025-06-16 07:58:00,2025-06-16 07:59:00,1,2
"T57",2025-06-16,"T57_O","O",1,60,"G","20250616_T57_O_G",2025-06-16 07:48:00,2025-06-16 07:49:00,1,2
"T57",2025-08-06,"T57_O","O",1,60,"G","20250806_T57_O_G",2025-08-06 07:06:00,2025-08-06 07:07:00,1,2
"T59",2025-07-14,"T59","O",1,60,"G","20250714_T59_G",2025-07-14 07:50:00,2025-07-14 07:51:00,1,1
"T59",2025-08-13,"T59","O",2,1.4,"P","20250813_T59_P",2025-08-13 05:48:00,2025-08-13 07:20:00,92,1
"T59",2025-08-13,"T59","E",1,60,"G","20250813_T59_G",2025-08-13 05:46:00,2025-08-13 05:47:00,1,1
"T59",2025-07-14,"T59","E",1,60,"G","20250714_T59_G",2025-07-14 07:54:00,2025-07-14 07:55:00,1,1
"T59",2025-07-14,"T59","O",2,1,"P","20250714_T59_P",2025-07-14 06:00:00,2025-07-14 07:45:00,105,1
"T59",2025-08-13,"T59","O",1,60,"G","20250813_T59_G",2025-08-13 05:42:00,2025-08-13 05:43:00,1,1
"T61",2025-07-01,"T61_N","N",1,60,"G","20250701_T61_N_G",2025-07-01 07:58:00,2025-07-01 07:59:00,1,2
"T61",2025-07-01,"T61_S","S",1,60,"G","20250701_T61_S_G",2025-07-01 08:02:00,2025-07-01 08:03:00,1,2
"T61",2025-07-29,"T61_N",NA,0.5,7.2,"D","20250729_T61_N_D",2025-07-29 06:54:00,2025-07-29 06:58:00,4,2
"T61",2025-07-01,"T61_N","N",1,1.3,"P","20250701_T61_N_P",2025-07-01 08:20:00,2025-07-01 09:07:00,47,2
"T61",2025-07-29,"T61_S","S",1,60,"G","20250729_T61_S_G",2025-07-29 07:24:00,2025-07-29 07:25:00,1,2
"T61",2025-07-29,"T61_N","N",1,60,"G","20250729_T61_N_G",2025-07-29 07:20:00,2025-07-29 07:21:00,1,2
"T62",2025-06-09,"T62_E","E",1,60,"G","20250609_T62_E_G",2025-06-09 06:21:00,2025-06-09 06:22:00,1,1
"T62",2025-06-09,"T62_O","E",1,3,"P","20250609_T62_O_P",2025-06-09 08:22:00,2025-06-09 08:45:00,23,1
"T62",2025-08-04,"T62_O","O",1,60,"G","20250804_T62_O_G",2025-08-04 06:28:00,2025-08-04 06:29:00,1,1
"T62",2025-06-09,"T62_O","O",1,60,"G","20250609_T62_O_G",2025-06-09 06:25:00,2025-06-09 06:26:00,1,1
"T62",2025-08-04,"T62_E","E",1,60,"G","20250804_T62_E_G",2025-08-04 06:25:00,2025-08-04 06:26:00,1,1
"T62",2025-08-04,"T62_O",NA,0.5,7.2,"D","20250804_T62_O_D",2025-08-04 06:03:00,2025-08-04 06:09:00,6,1
"T65",2025-07-29,"T65_N","N",1,60,"G","20250729_T65_N_G",2025-07-29 06:22:00,2025-07-29 06:23:00,1,1
"T65",2025-07-01,"T65_N","N",1,60,"G","20250701_T65_N_G",2025-07-01 06:15:00,2025-07-01 06:16:00,1,1
"T65",2025-07-01,"T65_S","S",1,60,"G","20250701_T65_S_G",2025-07-01 06:33:00,2025-07-01 06:34:00,1,1
"T65",2025-07-29,"T65_N",NA,0.5,7.2,"D","20250729_T65_N_D",2025-07-29 05:53:00,2025-07-29 05:57:00,4,1
"T65",2025-07-01,"T65_N","N",1,0.8,"P","20250701_T65_N_P",2025-07-01 06:37:00,2025-07-01 07:50:00,73,1
"T65",2025-07-29,"T65_S","S",1,60,"G","20250729_T65_S_G",2025-07-29 06:15:00,2025-07-29 06:16:00,1,1
