DATE;MILIEU HUMIDE;EQUIPE;ESPECE;STADE;NOMBRE;COMMENTAIRES;;;;;,,,
05/06/2025;MH-T01;1;Anura;tetard;230;Espèce à déterminer (photos + vidéos). Certains très avancés dans leur métamorphose. ;;;;;,,,
05/06/2025;MH-T01;1;Anura;tetard;250;Espèce à déterminer (photos + vidéos), ind. mourants;;;;;,,
05/06/2025;MH-T01;2;LICL;adulte;3;;;;;;,,,
05/06/2025;MH-T01;2;Anura;tetard;300;;;;;;,,,
05/06/2025;MH-T01;2;THSI;adulte;1;;;;;;,,,
05/06/2025;MH-T52;1;petit poisson sp;NA;20;;;;;;,,,
05/06/2025;MH-T52;2;petit poisson sp;NA;20;;;;;;,,,
05/06/2025;MH-T65;1;LICL;adulte;1;La seule identifiée physiquement avec certitude;;;;;,,,
05/06/2025;MH-T65;1;LICL;adulte;10;seulement entendues, au moins dix ind.;;;;;,,
05/06/2025;MH-T65;1;Anura;adulte;0;un chanteur;;;;;,,,
2025-05-06;MH-T65;1;Anura;adulte;10;'Nombreux individus entraperçus nageant ou sautant à l''''eau';;;;;''',,,'
05/06/2025;MH-T65;1;petit poisson sp;NA;20;;;;;;,,,
05/06/2025;MH-T65;1;gros poisson sp;NA;1;Environ 10 cm, voir photos pour ID;;;;;,,
05/06/2025;MH-T65;2;ANAM;adulte;1;chant;;;;;,,,
05/06/2025;MH-T65;2;LICL;adulte;3;;;;;;,,,
05/06/2025;MH-T65;2;Anura;métamorphe;1;;;;;;,,,
05/06/2025;MH-T65;2;Anura;adulte;1;;;;;;,,,
11/06/2025;MH-T47;1;Indetermine;oeuf;25;Sous souche de bois en décomposition. 3 mm, opaques, jaunâtres, pas de masse gluante.;;;;;
11/06/2025;MH-T47;1;Indetermine;oeuf;75;Sous souche de bois en décomposition. 1-2 mm, translucides avec noyau blanc, forment une masse gluante.;;;;;,
11/06/2025;MH-T47;1;ANAM;adulte;2;;;;;;,,,
11/06/2025;MH-T47;1;LISY;adulte;1;;;;;;,,,
11/06/2025;MH-T47;1;Anura;tetard;10;Gros olivâtres.;;;;;,,,
2025-11-06;MH-T47;1;BOLE;adulte;1;'Butor d''''Amérique';;;;;''',,,'
11/06/2025;MH-T47;2;LICL;adulte;4;;;;;;,,,
11/06/2025;MH-T47;2;Anura;tetard;20;;;;;;,,,
11/06/2025;MH-T49;1 et 2;Anura;tetard;1000;Présence de plusieurs milliers de tetards dans une longue bande le long de la rivière;;;;;,,,
11/06/2025;MH-T49;1 et 2;LICL;adulte;4;;;;;;,,,
11/06/2025;MH-T49;1 et 2;Anura;adulte;3;Non identifié avec certitude (fuite);;;;;,,,
11/06/2025;MH-T49;1;ODVI;adulte;1;Cerf. forts signes de présence de cerfs en général.;;;;;,,,
2025-12-06;MH-T41-1;1 et 2 ;NA;NA;NA;'Milieu envahi de phragmites et très difficile d''''accès. Aucune observation d''''herpétofaune dans les parcelles humides visitées.';;;;;''',,,'
12/06/2025;MH-T41-2;1 et 2 ;LICL;adulte;1;Au moins 1 ind. entendu. Beaucoup de LIPI (env. 15 ind. ainsi que leurs oeufs, env. 420) ont été observées dans le sentier de quatre-roues menant au milieu.;;;;;,,
16/06/2025;MH-T57;1 et 2 ;LICL;adulte;1;À proximité du MH. Aucune autre observation. ;;;;;,,,
17/06/2025;MH-T42-5;1 et 2 ;LICL;adulte;10;Nombreuses, chants égalemen entendus.;;;;;,,
17/06/2025;MH-T42-5;1;LIPI;adulte;;;;;;;,,,
17/06/2025;MH-T42-5;1;Indetermine;oeuf;200;'Difficile à dénombrer,'' car loin dans l''''eau.';;;;;''',,'
17/06/2025;MH-T42-5;2;THSI;adulte;;;;;;;,,,
17/06/2025;MH-T42-4;1;Indetermine;oeuf;50;'Translucides sous du bois mort, similaires à ceux du MH-T47,'' légèrement à l''''extérieur du MH';;;;;''','
17/06/2025;MH-T42-4;1;LISY;adulte;1;Deux pojnt sur le GPS (un à identification incertaine), probablement le même individu.;;;;;,,
17/06/2025;MH-T42-4;1 et 2 ;LICL;adulte;3;;;;;;,,,
17/06/2025;MH-T42-4;;Anura;adulte;1;LICL ou LICA (probablement LICL selon les autres ind. du MH);;;;;,,,
18/06/2025;MH-T42-3;1 et 2 ;LICL;adulte;5;MH plus grand que sur Qfield. aucune herpétofaune aperçue outre LICL. Chants de LICL entendus. Plusieurs terriers de mammifères moyens aperçus sur la berge.;;;;;,,,
18/06/2025;MH-T42-3;1 et 2 ;NA;adulte;5;Probablement LICL.;;;;;,,,
18/06/2025;MH-T49-2;1 et 2 ;LICL;adulte;1;'Milieu assez asséché,'' à peine d''''eau.';;;;;''',,'
18/06/2025;MH-T49-2;1 et 2 ;Anura;tetard;10;Agonisants dans la vase. Olivâtres.;;;;;,,,
18/06/2025;MH-T49-2;2;LISY;juvénile;2;;;;;;,,,
18/06/2025;MH-T49-2;1;THSI;adulte;1;;;;;;,,,
19/06/2025;MH-T20;1 et 2 ;NA;NA;NA;Milieu humide non visité car risque de tempête et vents violents se lèvent. Accès coupé par des travaux + une dense forêt de phragmites, travaux potentiellement finis pour la mi-juillet.;;;;;,,
26/06/2025;MH-T48;1 et 2 ;NA;NA;NA;'Aucune observation d''''herpétofaune. 3 cerfs + nombreux indices de présence de cerfs. Milieu très sec'', sol majoritairement couvert de hautes herbacées.';;;;;,,
31/07/2025;MH-T48;1 et 2 ;NA;NA;NA;'Aurore et Sophie - Aucune observation d''''herpétofaune. Milieu très sec'', sol majoritairement couvert de hautes herbacées. Retrait AudioMoth';;;;;,,
31/07/2025;MH-T49;1 et 2 ;NA;NA;NA;'Aurore et Sophie - juste fait le drone tortue ici,'' n''''ont pas été observer en bas'', trop de végétation et pas sécuritaire';;;;;,
31/07/2025;MH-T49-2;1 et 2 ;LICL;juvénile;4;'Aurore et Sophie - reste peu d''''eau dans la zone délimitée mais LICL dans la vase. Plus loin sur le chemin de 4 roues : 10aine de LICL juv et 1 adulte';;;;;''',,,'
31/07/2025;MH-T42-4;1;LISY;juvénile;3;'Aurore - sol encore humide mais plus d''''eau'','' juvéniles de l''''année';;;;;''',,'
31/07/2025;MH-T42-4;1;LISY;juvénile;1;Sophie;;;;;,,,
31/07/2025;MH-T42-5;1;THSI;adulte;1;'Aurore - sentier autour du MH, pas fait le tour car trop vaste et vaseux,'' ecore de l''''eau';;;;;',
''31/07/2025;MH-T42-5;1;Anura;adulte;1;Aurore - pas sur de l''identification (DRVE)'', partie rapidement, pas fait le tour car trop vaste et vaseux,'' ecore de l''eau;;;;;'
31/07/2025;MH-T42-5;1;LIPI;juvénile;3;'Aurore -pas fait le tour car trop vaste et vaseux,'' ecore de l''''eau';;;;;''',,'
31/07/2025;MH-T42-5;1;LICL;juvénile;1;'Aurore - pas fait le tour car trop vaste et vaseux,'' ecore de l''''eau';;;;;''',,'
31/07/2025;MH-T42-5;2;LIPI;juvénile;1;'Sophie - pas fait le tour car trop vaste et vaseux,'' ecore de l''''eau';;;;;''',,'
31/07/2025;MH-T42-5;2;LICL;juvénile;1;'Sophie - pas fait le tour car trop vaste et vaseux,'' ecore de l''''eau';;;;;''',,'
28/07/2025;MH-T47;1 et 2 ;NA;NA;NA;'Pas d''''inventaire ? ';;;;;''',,,'
28/07/2025;MH-T65;1 et 2 ;LICL;adulte;17;Beaucoup de chants entendus;;;;;,,,
28/07/2025;MH-T65;1 et 2 ;Anura;adulte;5;'Probablement LICL. On sauté à l''''eau trop vite.';;;;;''',,,'
28/07/2025;MH-T65;1 et 2 ;Anura;oeuf;;DONNEE MANQUANTE;;;;;,,,
29/07/2025;MH-T52;1 et 2 ;LIPI;adulte;1;;;;;;,,,
29/07/2025;MH-T52;1 et 2 ;LICL;adulte;4;;;;;;,,,
29/07/2025;MH-T49-2;1 et 2 ;LICL;adulte;1;;;;;;,,,
29/07/2025;MH-T49-2;1 et 2 ;Anura;adulte;3;;;;;;,,,
29/07/2025;MH-T49-2;1 et 2 ;Anura;tetard;2;;;;;;,,,
31/07/2025;MH-T01;1 et 2 ;THSI;adulte;1;Milieu très sec.;;;;;,,,
31/07/2025;MH-T49;1 et 2 ;LICL;adulte;4;;;;;;,,,
31/07/2025;MH-T49;1 et 2 ;ecrevisse;mue;9;;;;;;,,,
31/07/2025;MH-T49;1 et 2 ;ecrevisse;adulte;3;;;;;;,,,
31/07/2025;MH-T49;1 et 2 ;petit poisson;NA;2;Environ 5 cm;;;;;,,,
31/07/2025;MH-T49;1 et 2 ;Anura;oeuf;200;;;;;;,,,
31/07/2025;MH-T49;1 et 2 ;ANAM;juvénile;9;;;;;;,,,
31/07/2025;MH-T49;1 et 2 ;Anura;juvénile;3;;;;;;,,,
31/07/2025;MH-T49;1 et 2 ;Ardea herodias;adulte;1;;;;;;,,,
31/07/2025;MH-T49;1 et 2 ;Ardea alba;adulte;1;;;;;;,,,
2025-04-08;MH-T41-1;1 et 2 ;NA;NA;NA;'Pas d''''inventaire (trop de végétation)';;;;;''',,,'
04/08/2025;MH-T41-2;1 et 2 ;Anura;juvénile;1;Beige;;;;;,,,
04/08/2025;MH-T41-2;1 et 2 ;LISY;adulte;1;;;;;;,,,
04/08/2025;MH-T41-2;1 et 2 ;LIPI;adulte;2;;;;;;,,,
04/08/2025;MH-T41-2;1 et 2 ;Anura;adulte;1;partie trop vite;;;;;,,,
05/08/2025;MH-T42-3;1 et 2 ;LICL;adulte;6;Chants également entendus;;;;;,,,
05/08/2025;MH-T42-3;1 et 2 ;Anura;adulte;4;;;;;;,,,
05/08/2025;MH-T42-3;1 et 2 ;LIPI;adulte;2;;;;;;,,,
05/08/2025;MH-T42-3;1 et 2 ;LYSY;adulte;3;;;;;;,,,
05/08/2025;MH-T42-3;1 et 2 ;CHSE;adulte;2;Combat aquatique entre deux individus.;;;;;,,,
05/08/2025;MH-T42-3;1 et 2 ;DRVE;juvénile;2;;;;;;,,,
2025-05-08;MH-T42-3;1 et 2 ;Tortue sp;adulte;2;'CHPI? Assez loin dans l''''eau';;;;;''',,,'
05/08/2025;MH-T42-3;1 et 2 ;CHPI;adulte;1;;;;;;,,,
